run,method,source_url,optimizer_step,elapsed_gpu_hours,metric,reward_unsmoothed,reward_ema8
4dnkgeto,DiffusionART,https://wandb.ai/vanzl3386-chinese-university-of-hong-kong-shenzhen/flow-grpo-algo/runs/4dnkgeto,1,4.409168255688889,weighted,0.36723750829696655,0.36723750829696655
4dnkgeto,DiffusionART,https://wandb.ai/vanzl3386-chinese-university-of-hong-kong-shenzhen/flow-grpo-algo/runs/4dnkgeto,2,5.743789212897778,weighted,0.36723750829696655,0.36723750829696655
4dnkgeto,DiffusionART,https://wandb.ai/vanzl3386-chinese-university-of-hong-kong-shenzhen/flow-grpo-algo/runs/4dnkgeto,3,8.719223507964445,weighted,0.40969687700271606,0.3707614642276259
4dnkgeto,DiffusionART,https://wandb.ai/vanzl3386-chinese-university-of-hong-kong-shenzhen/flow-grpo-algo/runs/4dnkgeto,4,10.052042042586667,weighted,0.40969687700271606,0.3739929460641156
4dnkgeto,DiffusionART,https://wandb.ai/vanzl3386-chinese-university-of-hong-kong-shenzhen/flow-grpo-algo/runs/4dnkgeto,5,13.00390146535111,weighted,0.7316919565200806,0.4036805176816507
4dnkgeto,DiffusionART,https://wandb.ai/vanzl3386-chinese-university-of-hong-kong-shenzhen/flow-grpo-algo/runs/4dnkgeto,6,14.337210924942223,weighted,0.7316919565200806,0.4309041408878586
4dnkgeto,DiffusionART,https://wandb.ai/vanzl3386-chinese-university-of-hong-kong-shenzhen/flow-grpo-algo/runs/4dnkgeto,7,17.27682747464,weighted,0.8318538665771484,0.46418134699826585
4dnkgeto,DiffusionART,https://wandb.ai/vanzl3386-chinese-university-of-hong-kong-shenzhen/flow-grpo-algo/runs/4dnkgeto,8,18.606919917404444,weighted,0.8318538665771484,0.49469667954806446
4dnkgeto,DiffusionART,https://wandb.ai/vanzl3386-chinese-university-of-hong-kong-shenzhen/flow-grpo-algo/runs/4dnkgeto,9,21.544768907919998,weighted,1.16675865650177,0.5504751063510974
4dnkgeto,DiffusionART,https://wandb.ai/vanzl3386-chinese-university-of-hong-kong-shenzhen/flow-grpo-algo/runs/4dnkgeto,10,22.871865835164446,weighted,1.16675865650177,0.6016241492530745
4dnkgeto,DiffusionART,https://wandb.ai/vanzl3386-chinese-university-of-hong-kong-shenzhen/flow-grpo-algo/runs/4dnkgeto,11,25.848927512497777,weighted,1.2745519876480103,0.6574744390548746
4dnkgeto,DiffusionART,https://wandb.ai/vanzl3386-chinese-university-of-hong-kong-shenzhen/flow-grpo-algo/runs/4dnkgeto,12,27.179398789635556,weighted,1.2745519876480103,0.7086893806172778
4dnkgeto,DiffusionART,https://wandb.ai/vanzl3386-chinese-university-of-hong-kong-shenzhen/flow-grpo-algo/runs/4dnkgeto,13,30.11066599968,weighted,1.2552623748779297,0.7540527292344283
4dnkgeto,DiffusionART,https://wandb.ai/vanzl3386-chinese-university-of-hong-kong-shenzhen/flow-grpo-algo/runs/4dnkgeto,14,31.44270094239111,weighted,1.2552623748779297,0.7956511033296584
4dnkgeto,DiffusionART,https://wandb.ai/vanzl3386-chinese-university-of-hong-kong-shenzhen/flow-grpo-algo/runs/4dnkgeto,15,34.37843894428445,weighted,1.4615089893341064,0.8509146156683125
4dnkgeto,DiffusionART,https://wandb.ai/vanzl3386-chinese-university-of-hong-kong-shenzhen/flow-grpo-algo/runs/4dnkgeto,16,35.70942281728,weighted,1.4615089893341064,0.9015914799245496
4dnkgeto,DiffusionART,https://wandb.ai/vanzl3386-chinese-university-of-hong-kong-shenzhen/flow-grpo-algo/runs/4dnkgeto,17,38.64903394485333,weighted,2.067673444747925,0.9983715682968426
4dnkgeto,DiffusionART,https://wandb.ai/vanzl3386-chinese-university-of-hong-kong-shenzhen/flow-grpo-algo/runs/4dnkgeto,18,39.979896731884445,weighted,2.067673444747925,1.0871193006359405
4dnkgeto,DiffusionART,https://wandb.ai/vanzl3386-chinese-university-of-hong-kong-shenzhen/flow-grpo-algo/runs/4dnkgeto,19,42.91639370159111,weighted,2.2735936641693115,1.1855918756505215
4dnkgeto,DiffusionART,https://wandb.ai/vanzl3386-chinese-university-of-hong-kong-shenzhen/flow-grpo-algo/runs/4dnkgeto,20,44.24960678856888,weighted,2.2735936641693115,1.2758916250836674
4dnkgeto,DiffusionART,https://wandb.ai/vanzl3386-chinese-university-of-hong-kong-shenzhen/flow-grpo-algo/runs/4dnkgeto,21,47.191170559857774,weighted,2.486259698867798,1.3763472814419002
4dnkgeto,DiffusionART,https://wandb.ai/vanzl3386-chinese-university-of-hong-kong-shenzhen/flow-grpo-algo/runs/4dnkgeto,22,48.52799441382222,weighted,2.486259698867798,1.4684655244851788
4dnkgeto,DiffusionART,https://wandb.ai/vanzl3386-chinese-university-of-hong-kong-shenzhen/flow-grpo-algo/runs/4dnkgeto,23,51.46423963090667,weighted,2.9363131523132324,1.5902909427865217
4dnkgeto,DiffusionART,https://wandb.ai/vanzl3386-chinese-university-of-hong-kong-shenzhen/flow-grpo-algo/runs/4dnkgeto,24,52.79509146595556,weighted,2.9363131523132324,1.7020053439339535
4dnkgeto,DiffusionART,https://wandb.ai/vanzl3386-chinese-university-of-hong-kong-shenzhen/flow-grpo-algo/runs/4dnkgeto,25,55.73188178556444,weighted,3.210773468017578,1.8272269979745672
4dnkgeto,DiffusionART,https://wandb.ai/vanzl3386-chinese-university-of-hong-kong-shenzhen/flow-grpo-algo/runs/4dnkgeto,26,57.089457710586665,weighted,3.210773468017578,1.9420557610265867
4dnkgeto,DiffusionART,https://wandb.ai/vanzl3386-chinese-university-of-hong-kong-shenzhen/flow-grpo-algo/runs/4dnkgeto,27,60.029687681928884,weighted,3.384060859680176,2.0617363538930835
4dnkgeto,DiffusionART,https://wandb.ai/vanzl3386-chinese-university-of-hong-kong-shenzhen/flow-grpo-algo/runs/4dnkgeto,28,61.37135855368889,weighted,3.384060859680176,2.1714839414447935
4dnkgeto,DiffusionART,https://wandb.ai/vanzl3386-chinese-university-of-hong-kong-shenzhen/flow-grpo-algo/runs/4dnkgeto,29,64.30659748592889,weighted,3.78165864944458,2.3051219319428746
4dnkgeto,DiffusionART,https://wandb.ai/vanzl3386-chinese-university-of-hong-kong-shenzhen/flow-grpo-algo/runs/4dnkgeto,30,65.65055508138667,weighted,3.78165864944458,2.427668509555363
4dnkgeto,DiffusionART,https://wandb.ai/vanzl3386-chinese-university-of-hong-kong-shenzhen/flow-grpo-algo/runs/4dnkgeto,31,68.59339148937778,weighted,4.028957366943359,2.5605690103799783
4dnkgeto,DiffusionART,https://wandb.ai/vanzl3386-chinese-university-of-hong-kong-shenzhen/flow-grpo-algo/runs/4dnkgeto,32,69.94202914745779,weighted,4.028957366943359,2.6824393069800765
4dnkgeto,DiffusionART,https://wandb.ai/vanzl3386-chinese-university-of-hong-kong-shenzhen/flow-grpo-algo/runs/4dnkgeto,33,72.88308019424,weighted,4.186917781829834,2.807304937478209
4dnkgeto,DiffusionART,https://wandb.ai/vanzl3386-chinese-university-of-hong-kong-shenzhen/flow-grpo-algo/runs/4dnkgeto,34,74.23890118501333,weighted,4.186917781829834,2.921807225502297
4dnkgeto,DiffusionART,https://wandb.ai/vanzl3386-chinese-university-of-hong-kong-shenzhen/flow-grpo-algo/runs/4dnkgeto,35,77.18486697102223,weighted,4.212684631347656,3.0289448309059046
4dnkgeto,DiffusionART,https://wandb.ai/vanzl3386-chinese-university-of-hong-kong-shenzhen/flow-grpo-algo/runs/4dnkgeto,36,78.52275536992,weighted,4.212684631347656,3.1271904482402797
4dnkgeto,DiffusionART,https://wandb.ai/vanzl3386-chinese-university-of-hong-kong-shenzhen/flow-grpo-algo/runs/4dnkgeto,37,81.46348432884444,weighted,4.3302435874938965,3.2270389946082574
4dnkgeto,DiffusionART,https://wandb.ai/vanzl3386-chinese-university-of-hong-kong-shenzhen/flow-grpo-algo/runs/4dnkgeto,38,82.81519123843556,weighted,4.3302435874938965,3.318600515335802
4dnkgeto,DiffusionART,https://wandb.ai/vanzl3386-chinese-university-of-hong-kong-shenzhen/flow-grpo-algo/runs/4dnkgeto,39,85.75498143664889,weighted,4.4753031730651855,3.414602159141752
4dnkgeto,DiffusionART,https://wandb.ai/vanzl3386-chinese-university-of-hong-kong-shenzhen/flow-grpo-algo/runs/4dnkgeto,40,87.09658955758222,weighted,4.4753031730651855,3.502636054666103
4dnkgeto,DiffusionART,https://wandb.ai/vanzl3386-chinese-university-of-hong-kong-shenzhen/flow-grpo-algo/runs/4dnkgeto,41,90.04275971022223,weighted,4.516389846801758,3.5867735205992943
4dnkgeto,DiffusionART,https://wandb.ai/vanzl3386-chinese-university-of-hong-kong-shenzhen/flow-grpo-algo/runs/4dnkgeto,42,91.39170417791111,weighted,4.516389846801758,3.6639279170450263
4dnkgeto,DiffusionART,https://wandb.ai/vanzl3386-chinese-university-of-hong-kong-shenzhen/flow-grpo-algo/runs/4dnkgeto,43,94.33026573874666,weighted,4.577895641326904,3.7397835428018498
4dnkgeto,DiffusionART,https://wandb.ai/vanzl3386-chinese-university-of-hong-kong-shenzhen/flow-grpo-algo/runs/4dnkgeto,44,95.66518819721777,weighted,4.577895641326904,3.8093434583206776
4dnkgeto,DiffusionART,https://wandb.ai/vanzl3386-chinese-university-of-hong-kong-shenzhen/flow-grpo-algo/runs/4dnkgeto,45,98.6043038233689,weighted,4.581750869750977,3.8734501504681385
4dnkgeto,DiffusionART,https://wandb.ai/vanzl3386-chinese-university-of-hong-kong-shenzhen/flow-grpo-algo/runs/4dnkgeto,46,99.95617227966223,weighted,4.581750869750977,3.932236246363837
4dnkgeto,DiffusionART,https://wandb.ai/vanzl3386-chinese-university-of-hong-kong-shenzhen/flow-grpo-algo/runs/4dnkgeto,47,102.89972330538666,weighted,4.648497581481934,3.991683041187463
4dnkgeto,DiffusionART,https://wandb.ai/vanzl3386-chinese-university-of-hong-kong-shenzhen/flow-grpo-algo/runs/4dnkgeto,48,104.24711177040889,weighted,4.648497581481934,4.046195992396287
4dnkgeto,DiffusionART,https://wandb.ai/vanzl3386-chinese-university-of-hong-kong-shenzhen/flow-grpo-algo/runs/4dnkgeto,49,107.18680547316444,weighted,4.656436920166016,4.096843522072205
4dnkgeto,DiffusionART,https://wandb.ai/vanzl3386-chinese-university-of-hong-kong-shenzhen/flow-grpo-algo/runs/4dnkgeto,50,108.53353483691556,weighted,4.656436920166016,4.14328751156335
4dnkgeto,DiffusionART,https://wandb.ai/vanzl3386-chinese-university-of-hong-kong-shenzhen/flow-grpo-algo/runs/4dnkgeto,51,111.47810516146666,weighted,4.706503391265869,4.190032152381583
4dnkgeto,DiffusionART,https://wandb.ai/vanzl3386-chinese-university-of-hong-kong-shenzhen/flow-grpo-algo/runs/4dnkgeto,52,112.83971971849779,weighted,4.706503391265869,4.232897177010053
4dnkgeto,DiffusionART,https://wandb.ai/vanzl3386-chinese-university-of-hong-kong-shenzhen/flow-grpo-algo/runs/4dnkgeto,53,115.78308935449778,weighted,4.764026641845703,4.276978775126279
4dnkgeto,DiffusionART,https://wandb.ai/vanzl3386-chinese-university-of-hong-kong-shenzhen/flow-grpo-algo/runs/4dnkgeto,54,117.13405506499556,weighted,4.764026641845703,4.317401778829781
4dnkgeto,DiffusionART,https://wandb.ai/vanzl3386-chinese-university-of-hong-kong-shenzhen/flow-grpo-algo/runs/4dnkgeto,55,120.07472352528,weighted,4.872027397155762,4.363433462685947
4dnkgeto,DiffusionART,https://wandb.ai/vanzl3386-chinese-university-of-hong-kong-shenzhen/flow-grpo-algo/runs/4dnkgeto,56,121.4258854610311,weighted,4.872027397155762,4.40564470289757
4dnkgeto,DiffusionART,https://wandb.ai/vanzl3386-chinese-university-of-hong-kong-shenzhen/flow-grpo-algo/runs/4dnkgeto,57,124.36621627058668,weighted,4.947478294372559,4.450614700245886
4dnkgeto,DiffusionART,https://wandb.ai/vanzl3386-chinese-university-of-hong-kong-shenzhen/flow-grpo-algo/runs/4dnkgeto,58,125.72098950631111,weighted,4.947478294372559,4.491852369637195
4dnkgeto,DiffusionART,https://wandb.ai/vanzl3386-chinese-university-of-hong-kong-shenzhen/flow-grpo-algo/runs/4dnkgeto,59,128.66130136717334,weighted,4.969033718109131,4.531456492218508
4dnkgeto,DiffusionART,https://wandb.ai/vanzl3386-chinese-university-of-hong-kong-shenzhen/flow-grpo-algo/runs/4dnkgeto,60,130.0085868972,weighted,4.969033718109131,4.567773632753146
4dnkgeto,DiffusionART,https://wandb.ai/vanzl3386-chinese-university-of-hong-kong-shenzhen/flow-grpo-algo/runs/4dnkgeto,61,132.95795552697777,weighted,5.002903938293457,4.603887688792107
4dnkgeto,DiffusionART,https://wandb.ai/vanzl3386-chinese-university-of-hong-kong-shenzhen/flow-grpo-algo/runs/4dnkgeto,62,134.2993166185511,weighted,5.002903938293457,4.6370044241963555
4dnkgeto,DiffusionART,https://wandb.ai/vanzl3386-chinese-university-of-hong-kong-shenzhen/flow-grpo-algo/runs/4dnkgeto,63,137.2421230528,weighted,5.022552013397217,4.669003315252214
4dnkgeto,DiffusionART,https://wandb.ai/vanzl3386-chinese-university-of-hong-kong-shenzhen/flow-grpo-algo/runs/4dnkgeto,64,138.59065426130667,weighted,5.022552013397217,4.698346427728501
4dnkgeto,DiffusionART,https://wandb.ai/vanzl3386-chinese-university-of-hong-kong-shenzhen/flow-grpo-algo/runs/4dnkgeto,65,141.5310542738489,weighted,5.009069442749023,4.7241351816584585
4dnkgeto,DiffusionART,https://wandb.ai/vanzl3386-chinese-university-of-hong-kong-shenzhen/flow-grpo-algo/runs/4dnkgeto,66,142.86855658087111,weighted,5.009069442749023,4.747783573281439
4dnkgeto,DiffusionART,https://wandb.ai/vanzl3386-chinese-university-of-hong-kong-shenzhen/flow-grpo-algo/runs/4dnkgeto,67,145.81487475484445,weighted,5.039228439331055,4.771972318792313
4dnkgeto,DiffusionART,https://wandb.ai/vanzl3386-chinese-university-of-hong-kong-shenzhen/flow-grpo-algo/runs/4dnkgeto,68,147.16380098381333,weighted,5.039228439331055,4.794153496225834
4dnkgeto,DiffusionART,https://wandb.ai/vanzl3386-chinese-university-of-hong-kong-shenzhen/flow-grpo-algo/runs/4dnkgeto,69,150.10666419617777,weighted,5.031030654907227,4.813813342653555
4dnkgeto,DiffusionART,https://wandb.ai/vanzl3386-chinese-university-of-hong-kong-shenzhen/flow-grpo-algo/runs/4dnkgeto,70,151.44270246893333,weighted,5.031030654907227,4.831841501316558
4dnkgeto,DiffusionART,https://wandb.ai/vanzl3386-chinese-university-of-hong-kong-shenzhen/flow-grpo-algo/runs/4dnkgeto,71,154.39047901163556,weighted,5.064140319824219,4.851121364021026
4dnkgeto,DiffusionART,https://wandb.ai/vanzl3386-chinese-university-of-hong-kong-shenzhen/flow-grpo-algo/runs/4dnkgeto,72,155.7458564467289,weighted,5.064140319824219,4.868801076073454
4dnkgeto,DiffusionART,https://wandb.ai/vanzl3386-chinese-university-of-hong-kong-shenzhen/flow-grpo-algo/runs/4dnkgeto,73,158.68688721999112,weighted,5.065371036529541,4.885115588018727
4dnkgeto,DiffusionART,https://wandb.ai/vanzl3386-chinese-university-of-hong-kong-shenzhen/flow-grpo-algo/runs/4dnkgeto,74,160.0334860822222,weighted,5.065371036529541,4.900076061435453
4dnkgeto,DiffusionART,https://wandb.ai/vanzl3386-chinese-university-of-hong-kong-shenzhen/flow-grpo-algo/runs/4dnkgeto,75,162.9726676062489,weighted,5.098560810089111,4.916549493059244
4dnkgeto,DiffusionART,https://wandb.ai/vanzl3386-chinese-university-of-hong-kong-shenzhen/flow-grpo-algo/runs/4dnkgeto,76,164.3247479280889,weighted,5.098560810089111,4.931655696463716
4dnkgeto,DiffusionART,https://wandb.ai/vanzl3386-chinese-university-of-hong-kong-shenzhen/flow-grpo-algo/runs/4dnkgeto,77,167.26796810491558,weighted,5.106046676635742,4.946129442719569
4dnkgeto,DiffusionART,https://wandb.ai/vanzl3386-chinese-university-of-hong-kong-shenzhen/flow-grpo-algo/runs/4dnkgeto,78,168.60728377154666,weighted,5.106046676635742,4.959401926556504
4dnkgeto,DiffusionART,https://wandb.ai/vanzl3386-chinese-university-of-hong-kong-shenzhen/flow-grpo-algo/runs/4dnkgeto,79,171.54982535488,weighted,5.083363056182861,4.9696901991152735
4dnkgeto,DiffusionART,https://wandb.ai/vanzl3386-chinese-university-of-hong-kong-shenzhen/flow-grpo-algo/runs/4dnkgeto,80,172.88693988592888,weighted,5.083363056182861,4.979124586649257
4dnkgeto,DiffusionART,https://wandb.ai/vanzl3386-chinese-university-of-hong-kong-shenzhen/flow-grpo-algo/runs/4dnkgeto,81,175.83410936131557,weighted,5.040789604187012,4.984242533780604
4dnkgeto,DiffusionART,https://wandb.ai/vanzl3386-chinese-university-of-hong-kong-shenzhen/flow-grpo-algo/runs/4dnkgeto,82,177.17394632672887,weighted,5.040789604187012,4.988935711992957
4dnkgeto,DiffusionART,https://wandb.ai/vanzl3386-chinese-university-of-hong-kong-shenzhen/flow-grpo-algo/runs/4dnkgeto,83,180.11403201176,weighted,5.065411567687988,4.995282898808107
4dnkgeto,DiffusionART,https://wandb.ai/vanzl3386-chinese-university-of-hong-kong-shenzhen/flow-grpo-algo/runs/4dnkgeto,84,181.44646469048,weighted,5.065411567687988,5.001103294780576
4dnkgeto,DiffusionART,https://wandb.ai/vanzl3386-chinese-university-of-hong-kong-shenzhen/flow-grpo-algo/runs/4dnkgeto,85,184.39138577522667,weighted,5.099257946014404,5.00924973397364
4dnkgeto,DiffusionART,https://wandb.ai/vanzl3386-chinese-university-of-hong-kong-shenzhen/flow-grpo-algo/runs/4dnkgeto,86,185.7524723553867,weighted,5.099257946014404,5.0167200516514
4dnkgeto,DiffusionART,https://wandb.ai/vanzl3386-chinese-university-of-hong-kong-shenzhen/flow-grpo-algo/runs/4dnkgeto,87,188.69453017637335,weighted,5.12546443939209,5.025745396158061
4dnkgeto,DiffusionART,https://wandb.ai/vanzl3386-chinese-university-of-hong-kong-shenzhen/flow-grpo-algo/runs/4dnkgeto,88,190.03432227050666,weighted,5.12546443939209,5.034021673561984
4dnkgeto,DiffusionART,https://wandb.ai/vanzl3386-chinese-university-of-hong-kong-shenzhen/flow-grpo-algo/runs/4dnkgeto,89,192.97600629287112,weighted,5.132530689239502,5.042197523571105
4dnkgeto,DiffusionART,https://wandb.ai/vanzl3386-chinese-university-of-hong-kong-shenzhen/flow-grpo-algo/runs/4dnkgeto,90,194.31851147986666,weighted,5.132530689239502,5.049694811086105
4dnkgeto,DiffusionART,https://wandb.ai/vanzl3386-chinese-university-of-hong-kong-shenzhen/flow-grpo-algo/runs/4dnkgeto,91,197.2673674187111,weighted,5.145578861236572,5.0576527995697536
4dnkgeto,DiffusionART,https://wandb.ai/vanzl3386-chinese-university-of-hong-kong-shenzhen/flow-grpo-algo/runs/4dnkgeto,92,198.60653043509336,weighted,5.145578861236572,5.064950307185036
4dnkgeto,DiffusionART,https://wandb.ai/vanzl3386-chinese-university-of-hong-kong-shenzhen/flow-grpo-algo/runs/4dnkgeto,93,201.55051129724447,weighted,5.173003196716309,5.073918260136184
4dnkgeto,DiffusionART,https://wandb.ai/vanzl3386-chinese-university-of-hong-kong-shenzhen/flow-grpo-algo/runs/4dnkgeto,94,202.88595860231112,weighted,5.173003196716309,5.082141909251655
4dnkgeto,DiffusionART,https://wandb.ai/vanzl3386-chinese-university-of-hong-kong-shenzhen/flow-grpo-algo/runs/4dnkgeto,95,205.82963499807113,weighted,5.191390037536621,5.091209062186764
4dnkgeto,DiffusionART,https://wandb.ai/vanzl3386-chinese-university-of-hong-kong-shenzhen/flow-grpo-algo/runs/4dnkgeto,96,207.1731311031289,weighted,5.191390037536621,5.099523678088614
4dnkgeto,DiffusionART,https://wandb.ai/vanzl3386-chinese-university-of-hong-kong-shenzhen/flow-grpo-algo/runs/4dnkgeto,97,210.11320870936,weighted,5.237353324890137,5.110962981499669
4dnkgeto,DiffusionART,https://wandb.ai/vanzl3386-chinese-university-of-hong-kong-shenzhen/flow-grpo-algo/runs/4dnkgeto,98,211.45724462324443,weighted,5.237353324890137,5.121452868979051
4dnkgeto,DiffusionART,https://wandb.ai/vanzl3386-chinese-university-of-hong-kong-shenzhen/flow-grpo-algo/runs/4dnkgeto,99,214.4000773607289,weighted,5.229677200317383,5.1304350509070105
4dnkgeto,DiffusionART,https://wandb.ai/vanzl3386-chinese-university-of-hong-kong-shenzhen/flow-grpo-algo/runs/4dnkgeto,100,215.73288352558222,weighted,5.229677200317383,5.138671748051749
4dnkgeto,DiffusionART,https://wandb.ai/vanzl3386-chinese-university-of-hong-kong-shenzhen/flow-grpo-algo/runs/4dnkgeto,101,218.67986511670222,weighted,5.227184295654297,5.146017931628415
4dnkgeto,DiffusionART,https://wandb.ai/vanzl3386-chinese-university-of-hong-kong-shenzhen/flow-grpo-algo/runs/4dnkgeto,102,220.01817393042668,weighted,5.227184295654297,5.152754411670341
4dnkgeto,DiffusionART,https://wandb.ai/vanzl3386-chinese-university-of-hong-kong-shenzhen/flow-grpo-algo/runs/4dnkgeto,103,222.95829400005334,weighted,5.291778564453125,5.164292854248209
4dnkgeto,DiffusionART,https://wandb.ai/vanzl3386-chinese-university-of-hong-kong-shenzhen/flow-grpo-algo/runs/4dnkgeto,104,224.30530919363554,weighted,5.291778564453125,5.174873652744398
4dnkgeto,DiffusionART,https://wandb.ai/vanzl3386-chinese-university-of-hong-kong-shenzhen/flow-grpo-algo/runs/4dnkgeto,105,227.25171046501333,weighted,5.318648338317871,5.186806370336516
4dnkgeto,DiffusionART,https://wandb.ai/vanzl3386-chinese-university-of-hong-kong-shenzhen/flow-grpo-algo/runs/4dnkgeto,106,228.59075225099556,weighted,5.318648338317871,5.197748720614908
4dnkgeto,DiffusionART,https://wandb.ai/vanzl3386-chinese-university-of-hong-kong-shenzhen/flow-grpo-algo/runs/4dnkgeto,107,231.53373030835556,weighted,5.312380790710449,5.207262718951917
4dnkgeto,DiffusionART,https://wandb.ai/vanzl3386-chinese-university-of-hong-kong-shenzhen/flow-grpo-algo/runs/4dnkgeto,108,232.88196052812444,weighted,5.312380790710449,5.215987093893996
4dnkgeto,DiffusionART,https://wandb.ai/vanzl3386-chinese-university-of-hong-kong-shenzhen/flow-grpo-algo/runs/4dnkgeto,109,235.82328636563554,weighted,5.299017906188965,5.22287831560391
4dnkgeto,DiffusionART,https://wandb.ai/vanzl3386-chinese-university-of-hong-kong-shenzhen/flow-grpo-algo/runs/4dnkgeto,110,237.17520514551111,weighted,5.299017906188965,5.229197593774521
4dnkgeto,DiffusionART,https://wandb.ai/vanzl3386-chinese-university-of-hong-kong-shenzhen/flow-grpo-algo/runs/4dnkgeto,111,240.12441750196444,weighted,5.296525001525879,5.234785496399394
4dnkgeto,DiffusionART,https://wandb.ai/vanzl3386-chinese-university-of-hong-kong-shenzhen/flow-grpo-algo/runs/4dnkgeto,112,241.46273881432887,weighted,5.296525001525879,5.239909625699437
4dnkgeto,DiffusionART,https://wandb.ai/vanzl3386-chinese-university-of-hong-kong-shenzhen/flow-grpo-algo/runs/4dnkgeto,113,244.40311193482665,weighted,5.327244758605957,5.247158088616861
4dnkgeto,DiffusionART,https://wandb.ai/vanzl3386-chinese-university-of-hong-kong-shenzhen/flow-grpo-algo/runs/4dnkgeto,114,245.7328253778489,weighted,5.327244758605957,5.253804958419158
4dnkgeto,DiffusionART,https://wandb.ai/vanzl3386-chinese-university-of-hong-kong-shenzhen/flow-grpo-algo/runs/4dnkgeto,115,248.67351129812445,weighted,5.299273490905762,5.257578662776963
4dnkgeto,DiffusionART,https://wandb.ai/vanzl3386-chinese-university-of-hong-kong-shenzhen/flow-grpo-algo/runs/4dnkgeto,116,250.02574262164447,weighted,5.299273490905762,5.261039164930929
4dnkgeto,DiffusionART,https://wandb.ai/vanzl3386-chinese-university-of-hong-kong-shenzhen/flow-grpo-algo/runs/4dnkgeto,117,252.9708016465689,weighted,5.293807029724121,5.26375876522158
4dnkgeto,DiffusionART,https://wandb.ai/vanzl3386-chinese-university-of-hong-kong-shenzhen/flow-grpo-algo/runs/4dnkgeto,118,254.33148582148442,weighted,5.293807029724121,5.266252649684007
4dnkgeto,DiffusionART,https://wandb.ai/vanzl3386-chinese-university-of-hong-kong-shenzhen/flow-grpo-algo/runs/4dnkgeto,119,257.2752449276355,weighted,5.2940545082092285,5.268560091532996
4dnkgeto,DiffusionART,https://wandb.ai/vanzl3386-chinese-university-of-hong-kong-shenzhen/flow-grpo-algo/runs/4dnkgeto,120,258.60688766144887,weighted,5.2940545082092285,5.270676025037979
4dnkgeto,DiffusionART,https://wandb.ai/vanzl3386-chinese-university-of-hong-kong-shenzhen/flow-grpo-algo/runs/4dnkgeto,121,261.55348014264,weighted,5.261778354644775,5.269937554370445
4dnkgeto,DiffusionART,https://wandb.ai/vanzl3386-chinese-university-of-hong-kong-shenzhen/flow-grpo-algo/runs/4dnkgeto,122,262.89594603558226,weighted,5.261778354644775,5.269260373782529
4dnkgeto,DiffusionART,https://wandb.ai/vanzl3386-chinese-university-of-hong-kong-shenzhen/flow-grpo-algo/runs/4dnkgeto,123,265.8371872804711,weighted,5.250990390777588,5.2677440390624
4dnkgeto,DiffusionART,https://wandb.ai/vanzl3386-chinese-university-of-hong-kong-shenzhen/flow-grpo-algo/runs/4dnkgeto,124,267.1841998631911,weighted,5.250990390777588,5.26635355399319
4dnkgeto,DiffusionART,https://wandb.ai/vanzl3386-chinese-university-of-hong-kong-shenzhen/flow-grpo-algo/runs/4dnkgeto,125,270.12183115157336,weighted,5.306938171386719,5.269721913144938
4dnkgeto,DiffusionART,https://wandb.ai/vanzl3386-chinese-university-of-hong-kong-shenzhen/flow-grpo-algo/runs/4dnkgeto,126,271.4607778760711,weighted,5.306938171386719,5.272810712106057
4dnkgeto,DiffusionART,https://wandb.ai/vanzl3386-chinese-university-of-hong-kong-shenzhen/flow-grpo-algo/runs/4dnkgeto,127,274.40567290771554,weighted,5.315078258514404,5.276318747561608
4dnkgeto,DiffusionART,https://wandb.ai/vanzl3386-chinese-university-of-hong-kong-shenzhen/flow-grpo-algo/runs/4dnkgeto,128,275.7390213951911,weighted,5.315078258514404,5.279535630258054
4dnkgeto,DiffusionART,https://wandb.ai/vanzl3386-chinese-university-of-hong-kong-shenzhen/flow-grpo-algo/runs/4dnkgeto,129,278.68056038884447,weighted,5.324431896209717,5.283261838807249
4dnkgeto,DiffusionART,https://wandb.ai/vanzl3386-chinese-university-of-hong-kong-shenzhen/flow-grpo-algo/runs/4dnkgeto,130,280.0146377977155,weighted,5.324431896209717,5.2866787871126855
4dnkgeto,DiffusionART,https://wandb.ai/vanzl3386-chinese-university-of-hong-kong-shenzhen/flow-grpo-algo/runs/4dnkgeto,131,282.9659935204178,weighted,5.3092546463012695,5.288552492146518
4dnkgeto,DiffusionART,https://wandb.ai/vanzl3386-chinese-university-of-hong-kong-shenzhen/flow-grpo-algo/runs/4dnkgeto,132,284.30317100006226,weighted,5.3092546463012695,5.290270687238316
4dnkgeto,DiffusionART,https://wandb.ai/vanzl3386-chinese-university-of-hong-kong-shenzhen/flow-grpo-algo/runs/4dnkgeto,133,287.24176396288,weighted,5.273430824279785,5.28887304669977
4dnkgeto,DiffusionART,https://wandb.ai/vanzl3386-chinese-university-of-hong-kong-shenzhen/flow-grpo-algo/runs/4dnkgeto,134,288.5830556466933,weighted,5.273430824279785,5.287591404674977
4dnkgeto,DiffusionART,https://wandb.ai/vanzl3386-chinese-university-of-hong-kong-shenzhen/flow-grpo-algo/runs/4dnkgeto,135,291.52769062229333,weighted,5.242927551269531,5.283884485427426
4dnkgeto,DiffusionART,https://wandb.ai/vanzl3386-chinese-university-of-hong-kong-shenzhen/flow-grpo-algo/runs/4dnkgeto,136,292.8644135341866,weighted,5.242927551269531,5.280485225489588
4dnkgeto,DiffusionART,https://wandb.ai/vanzl3386-chinese-university-of-hong-kong-shenzhen/flow-grpo-algo/runs/4dnkgeto,137,295.8034045083378,weighted,5.3439507484436035,5.285752607290672
4dnkgeto,DiffusionART,https://wandb.ai/vanzl3386-chinese-university-of-hong-kong-shenzhen/flow-grpo-algo/runs/4dnkgeto,138,297.14477627332445,weighted,5.3439507484436035,5.290582817699369
4dnkgeto,DiffusionART,https://wandb.ai/vanzl3386-chinese-university-of-hong-kong-shenzhen/flow-grpo-algo/runs/4dnkgeto,139,300.0840166391467,weighted,5.339037895202637,5.294604393218345
4dnkgeto,DiffusionART,https://wandb.ai/vanzl3386-chinese-university-of-hong-kong-shenzhen/flow-grpo-algo/runs/4dnkgeto,140,301.43229232002665,weighted,5.339037895202637,5.298292194229298
4dnkgeto,DiffusionART,https://wandb.ai/vanzl3386-chinese-university-of-hong-kong-shenzhen/flow-grpo-algo/runs/4dnkgeto,141,304.3794671330844,weighted,5.311554431915283,5.299392906335294
4dnkgeto,DiffusionART,https://wandb.ai/vanzl3386-chinese-university-of-hong-kong-shenzhen/flow-grpo-algo/runs/4dnkgeto,142,305.73315282686224,weighted,5.311554431915283,5.300402263786896
4dnkgeto,DiffusionART,https://wandb.ai/vanzl3386-chinese-university-of-hong-kong-shenzhen/flow-grpo-algo/runs/4dnkgeto,143,308.67495104201777,weighted,5.28800106048584,5.299373014053512
4dnkgeto,DiffusionART,https://wandb.ai/vanzl3386-chinese-university-of-hong-kong-shenzhen/flow-grpo-algo/runs/4dnkgeto,144,310.01339637659555,weighted,5.28800106048584,5.298429187886532
4dnkgeto,DiffusionART,https://wandb.ai/vanzl3386-chinese-university-of-hong-kong-shenzhen/flow-grpo-algo/runs/4dnkgeto,145,312.9544735292889,weighted,5.281994819641113,5.297065201769676
4dnkgeto,DiffusionART,https://wandb.ai/vanzl3386-chinese-university-of-hong-kong-shenzhen/flow-grpo-algo/runs/4dnkgeto,146,314.2969614153511,weighted,5.281994819641113,5.295814420985645
4dnkgeto,DiffusionART,https://wandb.ai/vanzl3386-chinese-university-of-hong-kong-shenzhen/flow-grpo-algo/runs/4dnkgeto,147,317.24259564330663,weighted,5.23057222366333,5.29039958239545
4dnkgeto,DiffusionART,https://wandb.ai/vanzl3386-chinese-university-of-hong-kong-shenzhen/flow-grpo-algo/runs/4dnkgeto,148,318.5803618493333,weighted,5.23057222366333,5.285434153514941
4dnkgeto,DiffusionART,https://wandb.ai/vanzl3386-chinese-university-of-hong-kong-shenzhen/flow-grpo-algo/runs/4dnkgeto,149,321.52522097259555,weighted,5.299432277679443,5.286595941223314
4dnkgeto,DiffusionART,https://wandb.ai/vanzl3386-chinese-university-of-hong-kong-shenzhen/flow-grpo-algo/runs/4dnkgeto,150,322.8811942491022,weighted,5.299432277679443,5.287661305249237
4dnkgeto,DiffusionART,https://wandb.ai/vanzl3386-chinese-university-of-hong-kong-shenzhen/flow-grpo-algo/runs/4dnkgeto,151,325.8253351863911,weighted,5.350266933441162,5.292857319261798
4dnkgeto,DiffusionART,https://wandb.ai/vanzl3386-chinese-university-of-hong-kong-shenzhen/flow-grpo-algo/runs/4dnkgeto,152,327.17340912736,weighted,5.350266933441162,5.2976220851198645
4dnkgeto,DiffusionART,https://wandb.ai/vanzl3386-chinese-university-of-hong-kong-shenzhen/flow-grpo-algo/runs/4dnkgeto,153,330.11362850573335,weighted,5.371957302093506,5.303791607576181
4dnkgeto,DiffusionART,https://wandb.ai/vanzl3386-chinese-university-of-hong-kong-shenzhen/flow-grpo-algo/runs/4dnkgeto,154,331.44989239599107,weighted,5.371957302093506,5.309449084613265
4dnkgeto,DiffusionART,https://wandb.ai/vanzl3386-chinese-university-of-hong-kong-shenzhen/flow-grpo-algo/runs/4dnkgeto,155,334.3902478539022,weighted,5.38641881942749,5.315837261398454
4dnkgeto,DiffusionART,https://wandb.ai/vanzl3386-chinese-university-of-hong-kong-shenzhen/flow-grpo-algo/runs/4dnkgeto,156,335.73755081,weighted,5.38641881942749,5.321695245339179
4dnkgeto,DiffusionART,https://wandb.ai/vanzl3386-chinese-university-of-hong-kong-shenzhen/flow-grpo-algo/runs/4dnkgeto,157,338.68052465471106,weighted,5.419254779815674,5.3297922922475625
4dnkgeto,DiffusionART,https://wandb.ai/vanzl3386-chinese-university-of-hong-kong-shenzhen/flow-grpo-algo/runs/4dnkgeto,158,340.02876894392887,weighted,5.419254779815674,5.337217317000568
4dnkgeto,DiffusionART,https://wandb.ai/vanzl3386-chinese-university-of-hong-kong-shenzhen/flow-grpo-algo/runs/4dnkgeto,159,342.97004165991115,weighted,5.437831401824951,5.345567879237654
4dnkgeto,DiffusionART,https://wandb.ai/vanzl3386-chinese-university-of-hong-kong-shenzhen/flow-grpo-algo/runs/4dnkgeto,160,344.3206697268978,weighted,5.437831401824951,5.353225378572095
4dnkgeto,DiffusionART,https://wandb.ai/vanzl3386-chinese-university-of-hong-kong-shenzhen/flow-grpo-algo/runs/4dnkgeto,161,347.2707513608533,weighted,5.479157447814941,5.36367723115012
4dnkgeto,DiffusionART,https://wandb.ai/vanzl3386-chinese-university-of-hong-kong-shenzhen/flow-grpo-algo/runs/4dnkgeto,162,348.60920315014226,weighted,5.479157447814941,5.373261622223149
4dnkgeto,DiffusionART,https://wandb.ai/vanzl3386-chinese-university-of-hong-kong-shenzhen/flow-grpo-algo/runs/4dnkgeto,163,351.55289589902225,weighted,5.518078804016113,5.385280862786459
4dnkgeto,DiffusionART,https://wandb.ai/vanzl3386-chinese-university-of-hong-kong-shenzhen/flow-grpo-algo/runs/4dnkgeto,164,352.8942683581067,weighted,5.518078804016113,5.396302554979265
4dnkgeto,DiffusionART,https://wandb.ai/vanzl3386-chinese-university-of-hong-kong-shenzhen/flow-grpo-algo/runs/4dnkgeto,165,355.83423458536,weighted,5.538610458374023,5.40811353558105
4dnkgeto,DiffusionART,https://wandb.ai/vanzl3386-chinese-university-of-hong-kong-shenzhen/flow-grpo-algo/runs/4dnkgeto,166,357.18226869050665,weighted,5.538610458374023,5.4189442525470986
4dnkgeto,DiffusionART,https://wandb.ai/vanzl3386-chinese-university-of-hong-kong-shenzhen/flow-grpo-algo/runs/4dnkgeto,167,360.12433287084446,weighted,5.5990986824035645,5.433896341823953
4dnkgeto,DiffusionART,https://wandb.ai/vanzl3386-chinese-university-of-hong-kong-shenzhen/flow-grpo-algo/runs/4dnkgeto,168,361.4643975950578,weighted,5.5990986824035645,5.447607468145186
4dnkgeto,DiffusionART,https://wandb.ai/vanzl3386-chinese-university-of-hong-kong-shenzhen/flow-grpo-algo/runs/4dnkgeto,169,364.4072265207289,weighted,5.626290321350098,5.462437422509847
4dnkgeto,DiffusionART,https://wandb.ai/vanzl3386-chinese-university-of-hong-kong-shenzhen/flow-grpo-algo/runs/4dnkgeto,170,365.74244463093333,weighted,5.626290321350098,5.476036550622782
4dnkgeto,DiffusionART,https://wandb.ai/vanzl3386-chinese-university-of-hong-kong-shenzhen/flow-grpo-algo/runs/4dnkgeto,171,368.69203626295996,weighted,5.608776569366455,5.487053435483443
4dnkgeto,DiffusionART,https://wandb.ai/vanzl3386-chinese-university-of-hong-kong-shenzhen/flow-grpo-algo/runs/4dnkgeto,172,370.0349653090578,weighted,5.608776569366455,5.4971559634441896
4dnkgeto,DiffusionART,https://wandb.ai/vanzl3386-chinese-university-of-hong-kong-shenzhen/flow-grpo-algo/runs/4dnkgeto,173,372.97752426353776,weighted,5.651843547821045,5.509994407513904
4dnkgeto,DiffusionART,https://wandb.ai/vanzl3386-chinese-university-of-hong-kong-shenzhen/flow-grpo-algo/runs/4dnkgeto,174,374.3126115634578,weighted,5.651843547821045,5.52176731263429
4dnkgeto,DiffusionART,https://wandb.ai/vanzl3386-chinese-university-of-hong-kong-shenzhen/flow-grpo-algo/runs/4dnkgeto,175,377.2530248665956,weighted,5.664983749389648,5.533653697831618
4dnkgeto,DiffusionART,https://wandb.ai/vanzl3386-chinese-university-of-hong-kong-shenzhen/flow-grpo-algo/runs/4dnkgeto,176,378.59805876458665,weighted,5.664983749389648,5.544553561116657
4dnkgeto,DiffusionART,https://wandb.ai/vanzl3386-chinese-university-of-hong-kong-shenzhen/flow-grpo-algo/runs/4dnkgeto,177,381.5389086116178,weighted,5.678646087646484,5.555682698655103
4dnkgeto,DiffusionART,https://wandb.ai/vanzl3386-chinese-university-of-hong-kong-shenzhen/flow-grpo-algo/runs/4dnkgeto,178,382.89946373579556,weighted,5.678646087646484,5.565888162775239
4dnkgeto,DiffusionART,https://wandb.ai/vanzl3386-chinese-university-of-hong-kong-shenzhen/flow-grpo-algo/runs/4dnkgeto,179,385.83933984928,weighted,5.679991722106934,5.575358296855725
4dnkgeto,DiffusionART,https://wandb.ai/vanzl3386-chinese-university-of-hong-kong-shenzhen/flow-grpo-algo/runs/4dnkgeto,180,387.1884113019645,weighted,5.679991722106934,5.584042448097222
4dnkgeto,DiffusionART,https://wandb.ai/vanzl3386-chinese-university-of-hong-kong-shenzhen/flow-grpo-algo/runs/4dnkgeto,181,390.13939991924445,weighted,5.68718957901001,5.592603242918021
4dnkgeto,DiffusionART,https://wandb.ai/vanzl3386-chinese-university-of-hong-kong-shenzhen/flow-grpo-algo/runs/4dnkgeto,182,391.48478304656004,weighted,5.68718957901001,5.600453526381741
4dnkgeto,DiffusionART,https://wandb.ai/vanzl3386-chinese-university-of-hong-kong-shenzhen/flow-grpo-algo/runs/4dnkgeto,183,394.42520716692445,weighted,5.699497699737549,5.608673792314408
4dnkgeto,DiffusionART,https://wandb.ai/vanzl3386-chinese-university-of-hong-kong-shenzhen/flow-grpo-algo/runs/4dnkgeto,184,395.7597134790134,weighted,5.699497699737549,5.616211809410882
4dnkgeto,DiffusionART,https://wandb.ai/vanzl3386-chinese-university-of-hong-kong-shenzhen/flow-grpo-algo/runs/4dnkgeto,185,398.7028663925955,weighted,5.7667341232299805,5.6287045528653445
4dnkgeto,DiffusionART,https://wandb.ai/vanzl3386-chinese-university-of-hong-kong-shenzhen/flow-grpo-algo/runs/4dnkgeto,186,400.0484121369955,weighted,5.7667341232299805,5.6401604491238055
4dnkgeto,DiffusionART,https://wandb.ai/vanzl3386-chinese-university-of-hong-kong-shenzhen/flow-grpo-algo/runs/4dnkgeto,187,402.99208645220443,weighted,5.793825626373291,5.6529140375357505
4dnkgeto,DiffusionART,https://wandb.ai/vanzl3386-chinese-university-of-hong-kong-shenzhen/flow-grpo-algo/runs/4dnkgeto,188,404.3276328579022,weighted,5.793825626373291,5.664609129674872
4dnkgeto,DiffusionART,https://wandb.ai/vanzl3386-chinese-university-of-hong-kong-shenzhen/flow-grpo-algo/runs/4dnkgeto,189,407.2693895327289,weighted,5.7931742668151855,5.675279516242355
4dnkgeto,DiffusionART,https://wandb.ai/vanzl3386-chinese-university-of-hong-kong-shenzhen/flow-grpo-algo/runs/4dnkgeto,190,408.60917881446227,weighted,5.7931742668151855,5.685064303867294
4dnkgeto,DiffusionART,https://wandb.ai/vanzl3386-chinese-university-of-hong-kong-shenzhen/flow-grpo-algo/runs/4dnkgeto,191,411.5665616952356,weighted,5.801297664642334,5.694711202856355
4dnkgeto,DiffusionART,https://wandb.ai/vanzl3386-chinese-university-of-hong-kong-shenzhen/flow-grpo-algo/runs/4dnkgeto,192,412.9152701288178,weighted,5.801297664642334,5.703557448233711
4dnkgeto,DiffusionART,https://wandb.ai/vanzl3386-chinese-university-of-hong-kong-shenzhen/flow-grpo-algo/runs/4dnkgeto,193,415.85878537404443,weighted,5.832622528076172,5.714269328024101
4dnkgeto,DiffusionART,https://wandb.ai/vanzl3386-chinese-university-of-hong-kong-shenzhen/flow-grpo-algo/runs/4dnkgeto,194,417.1962812216622,weighted,5.832622528076172,5.724092165102212
4dnkgeto,DiffusionART,https://wandb.ai/vanzl3386-chinese-university-of-hong-kong-shenzhen/flow-grpo-algo/runs/4dnkgeto,195,420.1390971286933,weighted,5.850053310394287,5.7345464308747625
4dnkgeto,DiffusionART,https://wandb.ai/vanzl3386-chinese-university-of-hong-kong-shenzhen/flow-grpo-algo/runs/4dnkgeto,196,421.47474913427556,weighted,5.850053310394287,5.744133034856928
4dnkgeto,DiffusionART,https://wandb.ai/vanzl3386-chinese-university-of-hong-kong-shenzhen/flow-grpo-algo/runs/4dnkgeto,197,424.4180076920444,weighted,5.855298042297363,5.7533592810116065
4dnkgeto,DiffusionART,https://wandb.ai/vanzl3386-chinese-university-of-hong-kong-shenzhen/flow-grpo-algo/runs/4dnkgeto,198,425.76765156327997,weighted,5.855298042297363,5.761819786039049
4dnkgeto,DiffusionART,https://wandb.ai/vanzl3386-chinese-university-of-hong-kong-shenzhen/flow-grpo-algo/runs/4dnkgeto,199,428.71517834095107,weighted,5.835015296936035,5.767894717499067
4dnkgeto,DiffusionART,https://wandb.ai/vanzl3386-chinese-university-of-hong-kong-shenzhen/flow-grpo-algo/runs/4dnkgeto,200,430.0627245210489,weighted,5.835015296936035,5.773465454210096
4dnkgeto,DiffusionART,https://wandb.ai/vanzl3386-chinese-university-of-hong-kong-shenzhen/flow-grpo-algo/runs/4dnkgeto,201,444.17050534468444,weighted,5.8299078941345215,5.778149948515487
4dnkgeto,DiffusionART,https://wandb.ai/vanzl3386-chinese-university-of-hong-kong-shenzhen/flow-grpo-algo/runs/4dnkgeto,202,445.5247528033244,weighted,5.8299078941345215,5.782445648733899
4dnkgeto,DiffusionART,https://wandb.ai/vanzl3386-chinese-university-of-hong-kong-shenzhen/flow-grpo-algo/runs/4dnkgeto,203,448.46540252272,weighted,5.855368614196777,5.788497960024843
4dnkgeto,DiffusionART,https://wandb.ai/vanzl3386-chinese-university-of-hong-kong-shenzhen/flow-grpo-algo/runs/4dnkgeto,204,449.80535587312,weighted,5.855368614196777,5.794047953949372
4dnkgeto,DiffusionART,https://wandb.ai/vanzl3386-chinese-university-of-hong-kong-shenzhen/flow-grpo-algo/runs/4dnkgeto,205,452.75544845449775,weighted,5.875546932220459,5.8008120396288225
4dnkgeto,DiffusionART,https://wandb.ai/vanzl3386-chinese-university-of-hong-kong-shenzhen/flow-grpo-algo/runs/4dnkgeto,206,454.1066878257156,weighted,5.875546932220459,5.807014733545461
4dnkgeto,DiffusionART,https://wandb.ai/vanzl3386-chinese-university-of-hong-kong-shenzhen/flow-grpo-algo/runs/4dnkgeto,207,457.0478595479822,weighted,5.849259376525879,5.810520868109098
4dnkgeto,DiffusionART,https://wandb.ai/vanzl3386-chinese-university-of-hong-kong-shenzhen/flow-grpo-algo/runs/4dnkgeto,208,458.3942529395556,weighted,5.849259376525879,5.813736007679973
4dnkgeto,DiffusionART,https://wandb.ai/vanzl3386-chinese-university-of-hong-kong-shenzhen/flow-grpo-algo/runs/4dnkgeto,209,461.33804534495107,weighted,5.837918281555176,5.815743038637732
4dnkgeto,DiffusionART,https://wandb.ai/vanzl3386-chinese-university-of-hong-kong-shenzhen/flow-grpo-algo/runs/4dnkgeto,210,462.67965066752004,weighted,5.837918281555176,5.817583494140833
4dnkgeto,DiffusionART,https://wandb.ai/vanzl3386-chinese-university-of-hong-kong-shenzhen/flow-grpo-algo/runs/4dnkgeto,211,465.6246662894311,weighted,5.82661771774292,5.8183332981725915
4dnkgeto,DiffusionART,https://wandb.ai/vanzl3386-chinese-university-of-hong-kong-shenzhen/flow-grpo-algo/runs/4dnkgeto,212,466.9846260257244,weighted,5.82661771774292,5.819020871501325
4dnkgeto,DiffusionART,https://wandb.ai/vanzl3386-chinese-university-of-hong-kong-shenzhen/flow-grpo-algo/runs/4dnkgeto,213,469.9225119401778,weighted,5.846445560455322,5.821297009800877
4dnkgeto,DiffusionART,https://wandb.ai/vanzl3386-chinese-university-of-hong-kong-shenzhen/flow-grpo-algo/runs/4dnkgeto,214,471.27878928576,weighted,5.846445560455322,5.823384237824459
4dnkgeto,DiffusionART,https://wandb.ai/vanzl3386-chinese-university-of-hong-kong-shenzhen/flow-grpo-algo/runs/4dnkgeto,215,474.2224447760978,weighted,5.8609185218811035,5.826499431642367
4dnkgeto,DiffusionART,https://wandb.ai/vanzl3386-chinese-university-of-hong-kong-shenzhen/flow-grpo-algo/runs/4dnkgeto,216,475.56424262467556,weighted,5.8609185218811035,5.829356076968756
4dnkgeto,DiffusionART,https://wandb.ai/vanzl3386-chinese-university-of-hong-kong-shenzhen/flow-grpo-algo/runs/4dnkgeto,217,478.51163462364445,weighted,5.863423824310303,5.832183562255229
4dnkgeto,DiffusionART,https://wandb.ai/vanzl3386-chinese-university-of-hong-kong-shenzhen/flow-grpo-algo/runs/4dnkgeto,218,479.8648569246667,weighted,5.863423824310303,5.834776377695027
4dnkgeto,DiffusionART,https://wandb.ai/vanzl3386-chinese-university-of-hong-kong-shenzhen/flow-grpo-algo/runs/4dnkgeto,219,482.8306732736533,weighted,5.872387886047363,5.837897980817245
4dnkgeto,DiffusionART,https://wandb.ai/vanzl3386-chinese-university-of-hong-kong-shenzhen/flow-grpo-algo/runs/4dnkgeto,220,484.19275063667556,weighted,5.872387886047363,5.840760503501599
4dnkgeto,DiffusionART,https://wandb.ai/vanzl3386-chinese-university-of-hong-kong-shenzhen/flow-grpo-algo/runs/4dnkgeto,221,487.1409214235467,weighted,5.883598327636719,5.844315869702723
4dnkgeto,DiffusionART,https://wandb.ai/vanzl3386-chinese-university-of-hong-kong-shenzhen/flow-grpo-algo/runs/4dnkgeto,222,488.4858809123822,weighted,5.883598327636719,5.847576154884227
4dnkgeto,DiffusionART,https://wandb.ai/vanzl3386-chinese-university-of-hong-kong-shenzhen/flow-grpo-algo/runs/4dnkgeto,223,491.4268308988711,weighted,5.899815559387207,5.851911814243371
4dnkgeto,DiffusionART,https://wandb.ai/vanzl3386-chinese-university-of-hong-kong-shenzhen/flow-grpo-algo/runs/4dnkgeto,224,492.76716196796446,weighted,5.899815559387207,5.855887631405664
4dnkgeto,DiffusionART,https://wandb.ai/vanzl3386-chinese-university-of-hong-kong-shenzhen/flow-grpo-algo/runs/4dnkgeto,225,495.7112960754489,weighted,5.892861366271973,5.85895630190719
4dnkgeto,DiffusionART,https://wandb.ai/vanzl3386-chinese-university-of-hong-kong-shenzhen/flow-grpo-algo/runs/4dnkgeto,226,497.0551887725333,weighted,5.892861366271973,5.861770285164352
4dnkgeto,DiffusionART,https://wandb.ai/vanzl3386-chinese-university-of-hong-kong-shenzhen/flow-grpo-algo/runs/4dnkgeto,227,499.9972888877422,weighted,5.9093475341796875,5.865719004468069
4dnkgeto,DiffusionART,https://wandb.ai/vanzl3386-chinese-university-of-hong-kong-shenzhen/flow-grpo-algo/runs/4dnkgeto,228,501.33668879647996,weighted,5.9093475341796875,5.869339996035058
4dnkgeto,DiffusionART,https://wandb.ai/vanzl3386-chinese-university-of-hong-kong-shenzhen/flow-grpo-algo/runs/4dnkgeto,229,504.27701694236447,weighted,5.928341865539551,5.874236912647297
4dnkgeto,DiffusionART,https://wandb.ai/vanzl3386-chinese-university-of-hong-kong-shenzhen/flow-grpo-algo/runs/4dnkgeto,230,505.6225854806755,weighted,5.928341865539551,5.878727404979956
4dnkgeto,DiffusionART,https://wandb.ai/vanzl3386-chinese-university-of-hong-kong-shenzhen/flow-grpo-algo/runs/4dnkgeto,231,508.56647340972444,weighted,5.9349517822265625,5.883393800964759
4dnkgeto,DiffusionART,https://wandb.ai/vanzl3386-chinese-university-of-hong-kong-shenzhen/flow-grpo-algo/runs/4dnkgeto,232,509.91680555982225,weighted,5.9349517822265625,5.887672904950018
4dnkgeto,DiffusionART,https://wandb.ai/vanzl3386-chinese-university-of-hong-kong-shenzhen/flow-grpo-algo/runs/4dnkgeto,233,512.8573491838578,weighted,5.910201549530029,5.889542691362238
4dnkgeto,DiffusionART,https://wandb.ai/vanzl3386-chinese-university-of-hong-kong-shenzhen/flow-grpo-algo/runs/4dnkgeto,234,514.2081016751378,weighted,5.910201549530029,5.891257293062172
4dnkgeto,DiffusionART,https://wandb.ai/vanzl3386-chinese-university-of-hong-kong-shenzhen/flow-grpo-algo/runs/4dnkgeto,235,517.1493721471555,weighted,5.883143424987793,5.890583874818028
4dnkgeto,DiffusionART,https://wandb.ai/vanzl3386-chinese-university-of-hong-kong-shenzhen/flow-grpo-algo/runs/4dnkgeto,236,518.4917762167911,weighted,5.883143424987793,5.88996634756538
4dnkgeto,DiffusionART,https://wandb.ai/vanzl3386-chinese-university-of-hong-kong-shenzhen/flow-grpo-algo/runs/4dnkgeto,237,521.4363494922134,weighted,5.935995578765869,5.893786587649418
4dnkgeto,DiffusionART,https://wandb.ai/vanzl3386-chinese-university-of-hong-kong-shenzhen/flow-grpo-algo/runs/4dnkgeto,238,522.7998312373511,weighted,5.935995578765869,5.897289763252494
4dnkgeto,DiffusionART,https://wandb.ai/vanzl3386-chinese-university-of-hong-kong-shenzhen/flow-grpo-algo/runs/4dnkgeto,239,525.74078072192,weighted,5.951375961303711,5.901778699009176
4dnkgeto,DiffusionART,https://wandb.ai/vanzl3386-chinese-university-of-hong-kong-shenzhen/flow-grpo-algo/runs/4dnkgeto,240,527.0822802562577,weighted,5.951375961303711,5.905895071247739
4dnkgeto,DiffusionART,https://wandb.ai/vanzl3386-chinese-university-of-hong-kong-shenzhen/flow-grpo-algo/runs/4dnkgeto,241,530.0278138534844,weighted,5.974860191345215,5.9116188973757335
4dnkgeto,DiffusionART,https://wandb.ai/vanzl3386-chinese-university-of-hong-kong-shenzhen/flow-grpo-algo/runs/4dnkgeto,242,531.3642060370399,weighted,5.974860191345215,5.916867669077705
4dnkgeto,DiffusionART,https://wandb.ai/vanzl3386-chinese-university-of-hong-kong-shenzhen/flow-grpo-algo/runs/4dnkgeto,243,534.3084297349423,weighted,5.970675468444824,5.92133349886923
4dnkgeto,DiffusionART,https://wandb.ai/vanzl3386-chinese-university-of-hong-kong-shenzhen/flow-grpo-algo/runs/4dnkgeto,244,535.63938777776,weighted,5.970675468444824,5.925428682844323
4dnkgeto,DiffusionART,https://wandb.ai/vanzl3386-chinese-university-of-hong-kong-shenzhen/flow-grpo-algo/runs/4dnkgeto,245,538.5791568635022,weighted,5.979991912841797,5.929957210323807
4dnkgeto,DiffusionART,https://wandb.ai/vanzl3386-chinese-university-of-hong-kong-shenzhen/flow-grpo-algo/runs/4dnkgeto,246,539.93535922616,weighted,5.979991912841797,5.934109888332258
4dnkgeto,DiffusionART,https://wandb.ai/vanzl3386-chinese-university-of-hong-kong-shenzhen/flow-grpo-algo/runs/4dnkgeto,247,542.8775823018933,weighted,5.987696170806885,5.938557333117345
4dnkgeto,DiffusionART,https://wandb.ai/vanzl3386-chinese-university-of-hong-kong-shenzhen/flow-grpo-algo/runs/4dnkgeto,248,544.2213005040444,weighted,5.987696170806885,5.942635657967199
4dnkgeto,DiffusionART,https://wandb.ai/vanzl3386-chinese-university-of-hong-kong-shenzhen/flow-grpo-algo/runs/4dnkgeto,249,547.1602052671556,weighted,5.989494323730469,5.946524737766374
4dnkgeto,DiffusionART,https://wandb.ai/vanzl3386-chinese-university-of-hong-kong-shenzhen/flow-grpo-algo/runs/4dnkgeto,250,548.5076359223822,weighted,5.989494323730469,5.950091039666564
4dnkgeto,DiffusionART,https://wandb.ai/vanzl3386-chinese-university-of-hong-kong-shenzhen/flow-grpo-algo/runs/4dnkgeto,251,551.4527011615555,weighted,6.0058488845825195,5.954718715354209
4dnkgeto,DiffusionART,https://wandb.ai/vanzl3386-chinese-university-of-hong-kong-shenzhen/flow-grpo-algo/runs/4dnkgeto,252,552.7952623142489,weighted,6.0058488845825195,5.958962312670421
4dnkgeto,DiffusionART,https://wandb.ai/vanzl3386-chinese-university-of-hong-kong-shenzhen/flow-grpo-algo/runs/4dnkgeto,253,555.7366326063467,weighted,6.003150939941406,5.962629790070248
4dnkgeto,DiffusionART,https://wandb.ai/vanzl3386-chinese-university-of-hong-kong-shenzhen/flow-grpo-algo/runs/4dnkgeto,254,557.0766674632978,weighted,6.003150939941406,5.965992881674252
4dnkgeto,DiffusionART,https://wandb.ai/vanzl3386-chinese-university-of-hong-kong-shenzhen/flow-grpo-algo/runs/4dnkgeto,255,560.0187308820533,weighted,5.99484920501709,5.968387839839686
4dnkgeto,DiffusionART,https://wandb.ai/vanzl3386-chinese-university-of-hong-kong-shenzhen/flow-grpo-algo/runs/4dnkgeto,256,561.3510862288266,weighted,5.99484920501709,5.970584026160695
4dnkgeto,DiffusionART,https://wandb.ai/vanzl3386-chinese-university-of-hong-kong-shenzhen/flow-grpo-algo/runs/4dnkgeto,257,564.2978375672889,weighted,6.0553765296936035,5.97762146112048
4dnkgeto,DiffusionART,https://wandb.ai/vanzl3386-chinese-university-of-hong-kong-shenzhen/flow-grpo-algo/runs/4dnkgeto,258,565.6477531518223,weighted,6.0553765296936035,5.984074817432392
4dnkgeto,DiffusionART,https://wandb.ai/vanzl3386-chinese-university-of-hong-kong-shenzhen/flow-grpo-algo/runs/4dnkgeto,259,568.5891444060001,weighted,6.0523600578308105,5.989742216294258
4dnkgeto,DiffusionART,https://wandb.ai/vanzl3386-chinese-university-of-hong-kong-shenzhen/flow-grpo-algo/runs/4dnkgeto,260,569.9264451435378,weighted,6.0523600578308105,5.994939243965042
4dnkgeto,DiffusionART,https://wandb.ai/vanzl3386-chinese-university-of-hong-kong-shenzhen/flow-grpo-algo/runs/4dnkgeto,261,572.8721026684444,weighted,6.045931816101074,5.999171421278927
4dnkgeto,DiffusionART,https://wandb.ai/vanzl3386-chinese-university-of-hong-kong-shenzhen/flow-grpo-algo/runs/4dnkgeto,262,574.2237748605867,weighted,6.045931816101074,6.003052344987318
4dnkgeto,DiffusionART,https://wandb.ai/vanzl3386-chinese-university-of-hong-kong-shenzhen/flow-grpo-algo/runs/4dnkgeto,263,577.1658245333333,weighted,6.056963920593262,6.007526787787077
4dnkgeto,DiffusionART,https://wandb.ai/vanzl3386-chinese-university-of-hong-kong-shenzhen/flow-grpo-algo/runs/4dnkgeto,264,578.5073405068,weighted,6.056963920593262,6.011629869925544
4dnkgeto,DiffusionART,https://wandb.ai/vanzl3386-chinese-university-of-hong-kong-shenzhen/flow-grpo-algo/runs/4dnkgeto,265,581.4449775648623,weighted,6.085590839385986,6.017768331351424
4dnkgeto,DiffusionART,https://wandb.ai/vanzl3386-chinese-university-of-hong-kong-shenzhen/flow-grpo-algo/runs/4dnkgeto,266,582.7735987042489,weighted,6.085590839385986,6.023397325298012
4dnkgeto,DiffusionART,https://wandb.ai/vanzl3386-chinese-university-of-hong-kong-shenzhen/flow-grpo-algo/runs/4dnkgeto,267,585.7163156619822,weighted,6.106007099151611,6.030253602519637
4dnkgeto,DiffusionART,https://wandb.ai/vanzl3386-chinese-university-of-hong-kong-shenzhen/flow-grpo-algo/runs/4dnkgeto,268,587.0591741394045,weighted,6.106007099151611,6.0365408364532
4dnkgeto,DiffusionART,https://wandb.ai/vanzl3386-chinese-university-of-hong-kong-shenzhen/flow-grpo-algo/runs/4dnkgeto,269,589.9960119493867,weighted,6.1043243408203125,6.042166593253089
4dnkgeto,DiffusionART,https://wandb.ai/vanzl3386-chinese-university-of-hong-kong-shenzhen/flow-grpo-algo/runs/4dnkgeto,270,591.3470834566311,weighted,6.1043243408203125,6.047325434984674
4dnkgeto,DiffusionART,https://wandb.ai/vanzl3386-chinese-university-of-hong-kong-shenzhen/flow-grpo-algo/runs/4dnkgeto,271,594.2931319076533,weighted,6.100839614868164,6.051766895546221
4dnkgeto,DiffusionART,https://wandb.ai/vanzl3386-chinese-university-of-hong-kong-shenzhen/flow-grpo-algo/runs/4dnkgeto,272,595.6306482853156,weighted,6.100839614868164,6.055839732838894
4dnkgeto,DiffusionART,https://wandb.ai/vanzl3386-chinese-university-of-hong-kong-shenzhen/flow-grpo-algo/runs/4dnkgeto,273,598.5708711298932,weighted,6.107568740844727,6.060133031352411
4dnkgeto,DiffusionART,https://wandb.ai/vanzl3386-chinese-university-of-hong-kong-shenzhen/flow-grpo-algo/runs/4dnkgeto,274,599.9111605941333,weighted,6.107568740844727,6.06407000344799
4dnkgeto,DiffusionART,https://wandb.ai/vanzl3386-chinese-university-of-hong-kong-shenzhen/flow-grpo-algo/runs/4dnkgeto,275,602.8523802101511,weighted,6.098302841186523,6.066911190569919
4dnkgeto,DiffusionART,https://wandb.ai/vanzl3386-chinese-university-of-hong-kong-shenzhen/flow-grpo-algo/runs/4dnkgeto,276,604.18721770584,weighted,6.098302841186523,6.069516570648229
4dnkgeto,DiffusionART,https://wandb.ai/vanzl3386-chinese-university-of-hong-kong-shenzhen/flow-grpo-algo/runs/4dnkgeto,277,607.1276886774845,weighted,6.117534637451172,6.073501876046001
4dnkgeto,DiffusionART,https://wandb.ai/vanzl3386-chinese-university-of-hong-kong-shenzhen/flow-grpo-algo/runs/4dnkgeto,278,608.4710786741067,weighted,6.117534637451172,6.077156417209164
4dnkgeto,DiffusionART,https://wandb.ai/vanzl3386-chinese-university-of-hong-kong-shenzhen/flow-grpo-algo/runs/4dnkgeto,279,611.41070320712,weighted,6.143148899078369,6.082633526383196
4dnkgeto,DiffusionART,https://wandb.ai/vanzl3386-chinese-university-of-hong-kong-shenzhen/flow-grpo-algo/runs/4dnkgeto,280,612.7553783345955,weighted,6.143148899078369,6.087656057640858
4dnkgeto,DiffusionART,https://wandb.ai/vanzl3386-chinese-university-of-hong-kong-shenzhen/flow-grpo-algo/runs/4dnkgeto,281,615.7030053287023,weighted,6.174424171447754,6.094857460265588
4dnkgeto,DiffusionART,https://wandb.ai/vanzl3386-chinese-university-of-hong-kong-shenzhen/flow-grpo-algo/runs/4dnkgeto,282,617.0513304194401,weighted,6.174424171447754,6.101461175589209
4dnkgeto,DiffusionART,https://wandb.ai/vanzl3386-chinese-university-of-hong-kong-shenzhen/flow-grpo-algo/runs/4dnkgeto,283,619.9906510792799,weighted,6.149777889251709,6.105471267468834
4dnkgeto,DiffusionART,https://wandb.ai/vanzl3386-chinese-university-of-hong-kong-shenzhen/flow-grpo-algo/runs/4dnkgeto,284,621.3341081969422,weighted,6.149777889251709,6.109148537936073
4dnkgeto,DiffusionART,https://wandb.ai/vanzl3386-chinese-university-of-hong-kong-shenzhen/flow-grpo-algo/runs/4dnkgeto,285,624.277039331111,weighted,6.143832683563232,6.112027181788028
4dnkgeto,DiffusionART,https://wandb.ai/vanzl3386-chinese-university-of-hong-kong-shenzhen/flow-grpo-algo/runs/4dnkgeto,286,625.6129268902489,weighted,6.143832683563232,6.114666909839216
4dnkgeto,DiffusionART,https://wandb.ai/vanzl3386-chinese-university-of-hong-kong-shenzhen/flow-grpo-algo/runs/4dnkgeto,287,628.55454223656,weighted,6.113339424133301,6.114556733892921
4dnkgeto,DiffusionART,https://wandb.ai/vanzl3386-chinese-university-of-hong-kong-shenzhen/flow-grpo-algo/runs/4dnkgeto,288,629.8959796609867,weighted,6.113339424133301,6.114455702104705
4dnkgeto,DiffusionART,https://wandb.ai/vanzl3386-chinese-university-of-hong-kong-shenzhen/flow-grpo-algo/runs/4dnkgeto,289,632.8351711073423,weighted,6.106942653656006,6.113832149460255
4dnkgeto,DiffusionART,https://wandb.ai/vanzl3386-chinese-university-of-hong-kong-shenzhen/flow-grpo-algo/runs/4dnkgeto,290,634.1836259762399,weighted,6.106942653656006,6.113260349164144
4dnkgeto,DiffusionART,https://wandb.ai/vanzl3386-chinese-university-of-hong-kong-shenzhen/flow-grpo-algo/runs/4dnkgeto,291,637.1296561347823,weighted,6.096484184265137,6.111867995306995
4dnkgeto,DiffusionART,https://wandb.ai/vanzl3386-chinese-university-of-hong-kong-shenzhen/flow-grpo-algo/runs/4dnkgeto,292,638.4583763565066,weighted,6.096484184265137,6.1105912011904175
4dnkgeto,DiffusionART,https://wandb.ai/vanzl3386-chinese-university-of-hong-kong-shenzhen/flow-grpo-algo/runs/4dnkgeto,293,641.3962051086488,weighted,6.111668586730957,6.110680619834192
4dnkgeto,DiffusionART,https://wandb.ai/vanzl3386-chinese-university-of-hong-kong-shenzhen/flow-grpo-algo/runs/4dnkgeto,294,642.7441452258133,weighted,6.111668586730957,6.110762617092072
4dnkgeto,DiffusionART,https://wandb.ai/vanzl3386-chinese-university-of-hong-kong-shenzhen/flow-grpo-algo/runs/4dnkgeto,295,645.6841400740534,weighted,6.171505928039551,6.115804066303074
4dnkgeto,DiffusionART,https://wandb.ai/vanzl3386-chinese-university-of-hong-kong-shenzhen/flow-grpo-algo/runs/4dnkgeto,296,647.0200867205599,weighted,6.171505928039551,6.1204270956131746
4dnkgeto,DiffusionART,https://wandb.ai/vanzl3386-chinese-university-of-hong-kong-shenzhen/flow-grpo-algo/runs/4dnkgeto,297,649.9595439757156,weighted,6.185485363006592,6.1258266687629375
4dnkgeto,DiffusionART,https://wandb.ai/vanzl3386-chinese-university-of-hong-kong-shenzhen/flow-grpo-algo/runs/4dnkgeto,298,651.2901384837332,weighted,6.185485363006592,6.13077809917285
4dnkgeto,DiffusionART,https://wandb.ai/vanzl3386-chinese-university-of-hong-kong-shenzhen/flow-grpo-algo/runs/4dnkgeto,299,654.2337114619555,weighted,6.186344146728516,6.135389856455067
4dnkgeto,DiffusionART,https://wandb.ai/vanzl3386-chinese-university-of-hong-kong-shenzhen/flow-grpo-algo/runs/4dnkgeto,300,655.5653816335911,weighted,6.186344146728516,6.139618856529139
njpjfulm,DiffusionNFT,https://wandb.ai/vanzl3386-chinese-university-of-hong-kong-shenzhen/flow-grpo-algo/runs/njpjfulm,1,6.494645585422222,weighted,0.36723750829696655,0.36723750829696655
njpjfulm,DiffusionNFT,https://wandb.ai/vanzl3386-chinese-university-of-hong-kong-shenzhen/flow-grpo-algo/runs/njpjfulm,2,11.485862488791112,weighted,0.22847062349319458,0.3557204179211704
njpjfulm,DiffusionNFT,https://wandb.ai/vanzl3386-chinese-university-of-hong-kong-shenzhen/flow-grpo-algo/runs/njpjfulm,3,16.469726496115555,weighted,0.22864094376564026,0.3451733353745849
njpjfulm,DiffusionNFT,https://wandb.ai/vanzl3386-chinese-university-of-hong-kong-shenzhen/flow-grpo-algo/runs/njpjfulm,4,21.43614123537778,weighted,0.16259591281414032,0.3300201474999558
njpjfulm,DiffusionNFT,https://wandb.ai/vanzl3386-chinese-university-of-hong-kong-shenzhen/flow-grpo-algo/runs/njpjfulm,5,26.40621484032889,weighted,0.19764770567417145,0.3190337700372908
njpjfulm,DiffusionNFT,https://wandb.ai/vanzl3386-chinese-university-of-hong-kong-shenzhen/flow-grpo-algo/runs/njpjfulm,6,31.378402658924443,weighted,0.11047076433897018,0.3017238838272491
njpjfulm,DiffusionNFT,https://wandb.ai/vanzl3386-chinese-university-of-hong-kong-shenzhen/flow-grpo-algo/runs/njpjfulm,7,36.35555399677333,weighted,0.07746772468090057,0.28311152933165235
njpjfulm,DiffusionNFT,https://wandb.ai/vanzl3386-chinese-university-of-hong-kong-shenzhen/flow-grpo-algo/runs/njpjfulm,8,41.32927450331555,weighted,0.2585897743701935,0.28107632281632544
njpjfulm,DiffusionNFT,https://wandb.ai/vanzl3386-chinese-university-of-hong-kong-shenzhen/flow-grpo-algo/runs/njpjfulm,9,46.30008028764444,weighted,0.4871295392513275,0.2981779066651034
njpjfulm,DiffusionNFT,https://wandb.ai/vanzl3386-chinese-university-of-hong-kong-shenzhen/flow-grpo-algo/runs/njpjfulm,10,51.27227759010667,weighted,0.3917522132396698,0.30594419577071896
njpjfulm,DiffusionNFT,https://wandb.ai/vanzl3386-chinese-university-of-hong-kong-shenzhen/flow-grpo-algo/runs/njpjfulm,11,56.24533797269333,weighted,0.49479174613952637,0.32161777890203214
njpjfulm,DiffusionNFT,https://wandb.ai/vanzl3386-chinese-university-of-hong-kong-shenzhen/flow-grpo-algo/runs/njpjfulm,12,61.215485876142225,weighted,0.5794732570648193,0.3430187410270697
njpjfulm,DiffusionNFT,https://wandb.ai/vanzl3386-chinese-university-of-hong-kong-shenzhen/flow-grpo-algo/runs/njpjfulm,13,66.18485890956444,weighted,0.462657630443573,0.3529482851241229
njpjfulm,DiffusionNFT,https://wandb.ai/vanzl3386-chinese-university-of-hong-kong-shenzhen/flow-grpo-algo/runs/njpjfulm,14,71.15536925604444,weighted,0.7498990297317505,0.3858935919734512
njpjfulm,DiffusionNFT,https://wandb.ai/vanzl3386-chinese-university-of-hong-kong-shenzhen/flow-grpo-algo/runs/njpjfulm,15,76.1295126627289,weighted,0.8048036694526672,0.420661434665044
njpjfulm,DiffusionNFT,https://wandb.ai/vanzl3386-chinese-university-of-hong-kong-shenzhen/flow-grpo-algo/runs/njpjfulm,16,81.09099592612445,weighted,0.7173548340797424,0.44528578722432555
njpjfulm,DiffusionNFT,https://wandb.ai/vanzl3386-chinese-university-of-hong-kong-shenzhen/flow-grpo-algo/runs/njpjfulm,17,86.06509109621334,weighted,0.7806207537651062,0.47311723361930724
njpjfulm,DiffusionNFT,https://wandb.ai/vanzl3386-chinese-university-of-hong-kong-shenzhen/flow-grpo-algo/runs/njpjfulm,18,91.04108376511111,weighted,0.7359825968742371,0.4949339959510018
njpjfulm,DiffusionNFT,https://wandb.ai/vanzl3386-chinese-university-of-hong-kong-shenzhen/flow-grpo-algo/runs/njpjfulm,19,96.00990421610666,weighted,1.046883225440979,0.5407435503549669
njpjfulm,DiffusionNFT,https://wandb.ai/vanzl3386-chinese-university-of-hong-kong-shenzhen/flow-grpo-algo/runs/njpjfulm,20,100.98963859651556,weighted,0.9250569343566895,0.5726400073694404
njpjfulm,DiffusionNFT,https://wandb.ai/vanzl3386-chinese-university-of-hong-kong-shenzhen/flow-grpo-algo/runs/njpjfulm,21,105.96455826624889,weighted,0.8977141380310059,0.5996198458731068
njpjfulm,DiffusionNFT,https://wandb.ai/vanzl3386-chinese-university-of-hong-kong-shenzhen/flow-grpo-algo/runs/njpjfulm,22,110.9425482416889,weighted,0.5793519020080566,0.5979376884797529
njpjfulm,DiffusionNFT,https://wandb.ai/vanzl3386-chinese-university-of-hong-kong-shenzhen/flow-grpo-algo/runs/njpjfulm,23,115.91517388080888,weighted,1.0906965732574463,0.6388346835912767
njpjfulm,DiffusionNFT,https://wandb.ai/vanzl3386-chinese-university-of-hong-kong-shenzhen/flow-grpo-algo/runs/njpjfulm,24,120.89297228076445,weighted,0.5644251704216003,0.6326589948510848
njpjfulm,DiffusionNFT,https://wandb.ai/vanzl3386-chinese-university-of-hong-kong-shenzhen/flow-grpo-algo/runs/njpjfulm,25,125.87289185968,weighted,0.8918147683143616,0.6541678762287029
njpjfulm,DiffusionNFT,https://wandb.ai/vanzl3386-chinese-university-of-hong-kong-shenzhen/flow-grpo-algo/runs/njpjfulm,26,130.8430178087733,weighted,0.9375642538070679,0.6776886297381496
njpjfulm,DiffusionNFT,https://wandb.ai/vanzl3386-chinese-university-of-hong-kong-shenzhen/flow-grpo-algo/runs/njpjfulm,27,135.81832983147555,weighted,0.9806549549102783,0.7028336097725751
njpjfulm,DiffusionNFT,https://wandb.ai/vanzl3386-chinese-university-of-hong-kong-shenzhen/flow-grpo-algo/runs/njpjfulm,28,140.7901472836,weighted,1.1775705814361572,0.742234858961911
njpjfulm,DiffusionNFT,https://wandb.ai/vanzl3386-chinese-university-of-hong-kong-shenzhen/flow-grpo-algo/runs/njpjfulm,29,145.75727819300445,weighted,1.3791394233703613,0.7950953626723024
njpjfulm,DiffusionNFT,https://wandb.ai/vanzl3386-chinese-university-of-hong-kong-shenzhen/flow-grpo-algo/runs/njpjfulm,30,150.72928064922667,weighted,1.3612713813781738,0.8420856830593662
njpjfulm,DiffusionNFT,https://wandb.ai/vanzl3386-chinese-university-of-hong-kong-shenzhen/flow-grpo-algo/runs/njpjfulm,31,155.69825120897778,weighted,1.4068588018417358,0.8889595684249908
njpjfulm,DiffusionNFT,https://wandb.ai/vanzl3386-chinese-university-of-hong-kong-shenzhen/flow-grpo-algo/runs/njpjfulm,32,160.66968186608003,weighted,1.4578932523727417,0.9361787638773256
njpjfulm,DiffusionNFT,https://wandb.ai/vanzl3386-chinese-university-of-hong-kong-shenzhen/flow-grpo-algo/runs/njpjfulm,33,165.63482945768,weighted,1.4661341905593872,0.98016292157368
njpjfulm,DiffusionNFT,https://wandb.ai/vanzl3386-chinese-university-of-hong-kong-shenzhen/flow-grpo-algo/runs/njpjfulm,34,170.60046499319998,weighted,1.3707833290100098,1.0125828360326394
njpjfulm,DiffusionNFT,https://wandb.ai/vanzl3386-chinese-university-of-hong-kong-shenzhen/flow-grpo-algo/runs/njpjfulm,35,175.57060932437332,weighted,1.3984284400939941,1.0446064611169832
njpjfulm,DiffusionNFT,https://wandb.ai/vanzl3386-chinese-university-of-hong-kong-shenzhen/flow-grpo-algo/runs/njpjfulm,36,180.54008720683555,weighted,1.4137368202209473,1.07524278845302
njpjfulm,DiffusionNFT,https://wandb.ai/vanzl3386-chinese-university-of-hong-kong-shenzhen/flow-grpo-algo/runs/njpjfulm,37,185.52477362237335,weighted,1.379210352897644,1.1004708672988472
njpjfulm,DiffusionNFT,https://wandb.ai/vanzl3386-chinese-university-of-hong-kong-shenzhen/flow-grpo-algo/runs/njpjfulm,38,190.49916392621333,weighted,1.5181777477264404,1.1351388494999273
njpjfulm,DiffusionNFT,https://wandb.ai/vanzl3386-chinese-university-of-hong-kong-shenzhen/flow-grpo-algo/runs/njpjfulm,39,195.46746906786666,weighted,1.3799679279327393,1.1554586731157772
njpjfulm,DiffusionNFT,https://wandb.ai/vanzl3386-chinese-university-of-hong-kong-shenzhen/flow-grpo-algo/runs/njpjfulm,40,200.43434415212445,weighted,1.6097378730773926,1.1931620099688078
njpjfulm,DiffusionNFT,https://wandb.ai/vanzl3386-chinese-university-of-hong-kong-shenzhen/flow-grpo-algo/runs/njpjfulm,41,205.39785015837336,weighted,1.803163766860962,1.2437896894289038
njpjfulm,DiffusionNFT,https://wandb.ai/vanzl3386-chinese-university-of-hong-kong-shenzhen/flow-grpo-algo/runs/njpjfulm,42,210.36417045311998,weighted,1.9182236194610596,1.2997649787471564
njpjfulm,DiffusionNFT,https://wandb.ai/vanzl3386-chinese-university-of-hong-kong-shenzhen/flow-grpo-algo/runs/njpjfulm,43,215.33833727325333,weighted,1.9330095052719116,1.3523217141114834
njpjfulm,DiffusionNFT,https://wandb.ai/vanzl3386-chinese-university-of-hong-kong-shenzhen/flow-grpo-algo/runs/njpjfulm,44,220.33226146918224,weighted,1.4813677072525024,1.3630320097828257
njpjfulm,DiffusionNFT,https://wandb.ai/vanzl3386-chinese-university-of-hong-kong-shenzhen/flow-grpo-algo/runs/njpjfulm,45,225.30523378843554,weighted,1.814814805984497,1.4005281552172524
njpjfulm,DiffusionNFT,https://wandb.ai/vanzl3386-chinese-university-of-hong-kong-shenzhen/flow-grpo-algo/runs/njpjfulm,46,230.2736560257511,weighted,2.0810163021087646,1.4570059200563938
njpjfulm,DiffusionNFT,https://wandb.ai/vanzl3386-chinese-university-of-hong-kong-shenzhen/flow-grpo-algo/runs/njpjfulm,47,235.24520334804444,weighted,1.9989361763000488,1.5019839401896737
njpjfulm,DiffusionNFT,https://wandb.ai/vanzl3386-chinese-university-of-hong-kong-shenzhen/flow-grpo-algo/runs/njpjfulm,48,240.22057602587557,weighted,1.9430530071258545,1.538590889412865
njpjfulm,DiffusionNFT,https://wandb.ai/vanzl3386-chinese-university-of-hong-kong-shenzhen/flow-grpo-algo/runs/njpjfulm,49,245.18889463062223,weighted,2.0864272117614746,1.584059089153422
njpjfulm,DiffusionNFT,https://wandb.ai/vanzl3386-chinese-university-of-hong-kong-shenzhen/flow-grpo-algo/runs/njpjfulm,50,250.17313964619558,weighted,2.103612184524536,1.6271798954097225
njpjfulm,DiffusionNFT,https://wandb.ai/vanzl3386-chinese-university-of-hong-kong-shenzhen/flow-grpo-algo/runs/njpjfulm,51,255.14158694876446,weighted,1.8494634628295898,1.6456285327676132
njpjfulm,DiffusionNFT,https://wandb.ai/vanzl3386-chinese-university-of-hong-kong-shenzhen/flow-grpo-algo/runs/njpjfulm,52,260.11268404032,weighted,2.068006753921509,1.6806842173617897
njpjfulm,DiffusionNFT,https://wandb.ai/vanzl3386-chinese-university-of-hong-kong-shenzhen/flow-grpo-algo/runs/njpjfulm,53,265.08253718823113,weighted,2.141629934310913,1.7189408481706911
njpjfulm,DiffusionNFT,https://wandb.ai/vanzl3386-chinese-university-of-hong-kong-shenzhen/flow-grpo-algo/runs/njpjfulm,54,270.0579214445067,weighted,2.112170696258545,1.7515773356532245
njpjfulm,DiffusionNFT,https://wandb.ai/vanzl3386-chinese-university-of-hong-kong-shenzhen/flow-grpo-algo/runs/njpjfulm,55,275.02515207,weighted,2.1287050247192383,1.7828774090412696
njpjfulm,DiffusionNFT,https://wandb.ai/vanzl3386-chinese-university-of-hong-kong-shenzhen/flow-grpo-algo/runs/njpjfulm,56,279.9797743311022,weighted,2.232592821121216,1.8202019699524503
njpjfulm,DiffusionNFT,https://wandb.ai/vanzl3386-chinese-university-of-hong-kong-shenzhen/flow-grpo-algo/runs/njpjfulm,57,284.9490499551644,weighted,2.228771686553955,1.8541116044993886
njpjfulm,DiffusionNFT,https://wandb.ai/vanzl3386-chinese-university-of-hong-kong-shenzhen/flow-grpo-algo/runs/njpjfulm,58,289.9141463434489,weighted,2.2854745388031006,1.8899129839579656
njpjfulm,DiffusionNFT,https://wandb.ai/vanzl3386-chinese-university-of-hong-kong-shenzhen/flow-grpo-algo/runs/njpjfulm,59,294.8784216808356,weighted,2.302262306213379,1.924136310492459
njpjfulm,DiffusionNFT,https://wandb.ai/vanzl3386-chinese-university-of-hong-kong-shenzhen/flow-grpo-algo/runs/njpjfulm,60,299.8542817474845,weighted,2.353015422821045,1.9597315427697013
njpjfulm,DiffusionNFT,https://wandb.ai/vanzl3386-chinese-university-of-hong-kong-shenzhen/flow-grpo-algo/runs/njpjfulm,61,304.82016864112,weighted,2.354933023452759,1.9925316677859222
njpjfulm,DiffusionNFT,https://wandb.ai/vanzl3386-chinese-university-of-hong-kong-shenzhen/flow-grpo-algo/runs/njpjfulm,62,309.7807073215111,weighted,2.3464338779449463,2.021904120330052
njpjfulm,DiffusionNFT,https://wandb.ai/vanzl3386-chinese-university-of-hong-kong-shenzhen/flow-grpo-algo/runs/njpjfulm,63,314.75272561588446,weighted,2.40167498588562,2.0534235666798266
njpjfulm,DiffusionNFT,https://wandb.ai/vanzl3386-chinese-university-of-hong-kong-shenzhen/flow-grpo-algo/runs/njpjfulm,64,319.71996214962667,weighted,2.353074789047241,2.0782934065851
njpjfulm,DiffusionNFT,https://wandb.ai/vanzl3386-chinese-university-of-hong-kong-shenzhen/flow-grpo-algo/runs/njpjfulm,65,324.69225981152886,weighted,1.2676105499267578,2.011010007239171
njpjfulm,DiffusionNFT,https://wandb.ai/vanzl3386-chinese-university-of-hong-kong-shenzhen/flow-grpo-algo/runs/njpjfulm,66,329.6595409107644,weighted,1.6534887552261353,1.981337188853685
njpjfulm,DiffusionNFT,https://wandb.ai/vanzl3386-chinese-university-of-hong-kong-shenzhen/flow-grpo-algo/runs/njpjfulm,67,334.63315510848884,weighted,1.681962490081787,1.9564902992887983
njpjfulm,DiffusionNFT,https://wandb.ai/vanzl3386-chinese-university-of-hong-kong-shenzhen/flow-grpo-algo/runs/njpjfulm,68,339.60382045677335,weighted,1.6066006422042847,1.9274508724262795
njpjfulm,DiffusionNFT,https://wandb.ai/vanzl3386-chinese-university-of-hong-kong-shenzhen/flow-grpo-algo/runs/njpjfulm,69,344.57256498356446,weighted,1.9209282398223877,1.926909520292495
njpjfulm,DiffusionNFT,https://wandb.ai/vanzl3386-chinese-university-of-hong-kong-shenzhen/flow-grpo-algo/runs/njpjfulm,70,349.53361222377777,weighted,1.9257420301437378,1.9268126233305498
njpjfulm,DiffusionNFT,https://wandb.ai/vanzl3386-chinese-university-of-hong-kong-shenzhen/flow-grpo-algo/runs/njpjfulm,71,354.4943402850933,weighted,2.2096033096313477,1.950283106912892
njpjfulm,DiffusionNFT,https://wandb.ai/vanzl3386-chinese-university-of-hong-kong-shenzhen/flow-grpo-algo/runs/njpjfulm,72,359.4535688652444,weighted,2.1030802726745605,1.9629646538808962
njpjfulm,DiffusionNFT,https://wandb.ai/vanzl3386-chinese-university-of-hong-kong-shenzhen/flow-grpo-algo/runs/njpjfulm,73,364.41792854498664,weighted,2.305049419403076,1.9913563063005153
njpjfulm,DiffusionNFT,https://wandb.ai/vanzl3386-chinese-university-of-hong-kong-shenzhen/flow-grpo-algo/runs/njpjfulm,74,369.37859557818666,weighted,2.2903075218200684,2.016168048467687
njpjfulm,DiffusionNFT,https://wandb.ai/vanzl3386-chinese-university-of-hong-kong-shenzhen/flow-grpo-algo/runs/njpjfulm,75,374.33418209997336,weighted,2.265319585800171,2.036846618695624
njpjfulm,DiffusionNFT,https://wandb.ai/vanzl3386-chinese-university-of-hong-kong-shenzhen/flow-grpo-algo/runs/njpjfulm,76,379.2901390065511,weighted,2.4167041778564453,2.0683732602641145
njpjfulm,DiffusionNFT,https://wandb.ai/vanzl3386-chinese-university-of-hong-kong-shenzhen/flow-grpo-algo/runs/njpjfulm,77,384.25921751818663,weighted,2.351177215576172,2.0918448451207423
njpjfulm,DiffusionNFT,https://wandb.ai/vanzl3386-chinese-university-of-hong-kong-shenzhen/flow-grpo-algo/runs/njpjfulm,78,389.22465496291557,weighted,2.338876724243164,2.112347492287456
njpjfulm,DiffusionNFT,https://wandb.ai/vanzl3386-chinese-university-of-hong-kong-shenzhen/flow-grpo-algo/runs/njpjfulm,79,394.1843169415822,weighted,2.3578741550445557,2.1327252125817453
njpjfulm,DiffusionNFT,https://wandb.ai/vanzl3386-chinese-university-of-hong-kong-shenzhen/flow-grpo-algo/runs/njpjfulm,80,399.14521157922667,weighted,2.513272285461426,2.1643090810010563
njpjfulm,DiffusionNFT,https://wandb.ai/vanzl3386-chinese-university-of-hong-kong-shenzhen/flow-grpo-algo/runs/njpjfulm,81,404.15157164488886,weighted,2.508293628692627,2.1928584076595268
njpjfulm,DiffusionNFT,https://wandb.ai/vanzl3386-chinese-university-of-hong-kong-shenzhen/flow-grpo-algo/runs/njpjfulm,82,409.1178053244089,weighted,2.594571590423584,2.2261989776203266
njpjfulm,DiffusionNFT,https://wandb.ai/vanzl3386-chinese-university-of-hong-kong-shenzhen/flow-grpo-algo/runs/njpjfulm,83,414.0905701596267,weighted,2.5660953521728516,2.2544090024375767
njpjfulm,DiffusionNFT,https://wandb.ai/vanzl3386-chinese-university-of-hong-kong-shenzhen/flow-grpo-algo/runs/njpjfulm,84,419.0498915074045,weighted,2.639543294906616,2.2863735915357366
njpjfulm,DiffusionNFT,https://wandb.ai/vanzl3386-chinese-university-of-hong-kong-shenzhen/flow-grpo-algo/runs/njpjfulm,85,424.0188118176711,weighted,2.635671377182007,2.3153638954619384
njpjfulm,DiffusionNFT,https://wandb.ai/vanzl3386-chinese-university-of-hong-kong-shenzhen/flow-grpo-algo/runs/njpjfulm,86,428.98432385677336,weighted,2.693294048309326,2.346730570099312
njpjfulm,DiffusionNFT,https://wandb.ai/vanzl3386-chinese-university-of-hong-kong-shenzhen/flow-grpo-algo/runs/njpjfulm,87,433.9488745090311,weighted,2.627460479736328,2.3700300175507025
njpjfulm,DiffusionNFT,https://wandb.ai/vanzl3386-chinese-university-of-hong-kong-shenzhen/flow-grpo-algo/runs/njpjfulm,88,438.91716301660443,weighted,2.7230310440063477,2.399327675491122
njpjfulm,DiffusionNFT,https://wandb.ai/vanzl3386-chinese-university-of-hong-kong-shenzhen/flow-grpo-algo/runs/njpjfulm,89,443.8826688269689,weighted,2.7236218452453613,2.426242780393022
njpjfulm,DiffusionNFT,https://wandb.ai/vanzl3386-chinese-university-of-hong-kong-shenzhen/flow-grpo-algo/runs/njpjfulm,90,448.8470230854489,weighted,2.790912389755249,2.4565088835362188
njpjfulm,DiffusionNFT,https://wandb.ai/vanzl3386-chinese-university-of-hong-kong-shenzhen/flow-grpo-algo/runs/njpjfulm,91,453.8083502229156,weighted,2.770477056503296,2.4825669724549027
njpjfulm,DiffusionNFT,https://wandb.ai/vanzl3386-chinese-university-of-hong-kong-shenzhen/flow-grpo-algo/runs/njpjfulm,92,458.7733293643289,weighted,2.8432776927948,2.5125045038158444
njpjfulm,DiffusionNFT,https://wandb.ai/vanzl3386-chinese-university-of-hong-kong-shenzhen/flow-grpo-algo/runs/njpjfulm,93,463.74563696273776,weighted,2.844881057739258,2.5400904139250526
njpjfulm,DiffusionNFT,https://wandb.ai/vanzl3386-chinese-university-of-hong-kong-shenzhen/flow-grpo-algo/runs/njpjfulm,94,468.70736753971556,weighted,2.894054651260376,2.5694680144740265
njpjfulm,DiffusionNFT,https://wandb.ai/vanzl3386-chinese-university-of-hong-kong-shenzhen/flow-grpo-algo/runs/njpjfulm,95,473.6746986075467,weighted,2.863170623779297,2.593844143546602
njpjfulm,DiffusionNFT,https://wandb.ai/vanzl3386-chinese-university-of-hong-kong-shenzhen/flow-grpo-algo/runs/njpjfulm,96,478.63606341997337,weighted,2.9647469520568848,2.6246275770169873
njpjfulm,DiffusionNFT,https://wandb.ai/vanzl3386-chinese-university-of-hong-kong-shenzhen/flow-grpo-algo/runs/njpjfulm,97,483.60855631989335,weighted,2.9588117599487305,2.6523635130252723
njpjfulm,DiffusionNFT,https://wandb.ai/vanzl3386-chinese-university-of-hong-kong-shenzhen/flow-grpo-algo/runs/njpjfulm,98,488.57013470590226,weighted,3.0634593963623047,2.68648280919745
njpjfulm,DiffusionNFT,https://wandb.ai/vanzl3386-chinese-university-of-hong-kong-shenzhen/flow-grpo-algo/runs/njpjfulm,99,493.5263998978756,weighted,3.024003028869629,2.714495622766912
njpjfulm,DiffusionNFT,https://wandb.ai/vanzl3386-chinese-university-of-hong-kong-shenzhen/flow-grpo-algo/runs/njpjfulm,100,498.49321990883556,weighted,3.1555423736572266,2.751100719848525
njpjfulm,DiffusionNFT,https://wandb.ai/vanzl3386-chinese-university-of-hong-kong-shenzhen/flow-grpo-algo/runs/njpjfulm,101,514.6362167984711,weighted,3.1759145259857178,2.7863585481487463
njpjfulm,DiffusionNFT,https://wandb.ai/vanzl3386-chinese-university-of-hong-kong-shenzhen/flow-grpo-algo/runs/njpjfulm,102,519.6090107804356,weighted,3.293706178665161,2.8284663501712988
njpjfulm,DiffusionNFT,https://wandb.ai/vanzl3386-chinese-university-of-hong-kong-shenzhen/flow-grpo-algo/runs/njpjfulm,103,524.5697372060711,weighted,3.2974295616149902,2.867388400606878
njpjfulm,DiffusionNFT,https://wandb.ai/vanzl3386-chinese-university-of-hong-kong-shenzhen/flow-grpo-algo/runs/njpjfulm,104,529.5225733019911,weighted,3.384215831756592,2.91028298775322
njpjfulm,DiffusionNFT,https://wandb.ai/vanzl3386-chinese-university-of-hong-kong-shenzhen/flow-grpo-algo/runs/njpjfulm,105,534.4862991661422,weighted,3.3885273933410645,2.9499753397769966
njpjfulm,DiffusionNFT,https://wandb.ai/vanzl3386-chinese-university-of-hong-kong-shenzhen/flow-grpo-algo/runs/njpjfulm,106,539.4416500134845,weighted,3.474555015563965,2.9935133318843192
njpjfulm,DiffusionNFT,https://wandb.ai/vanzl3386-chinese-university-of-hong-kong-shenzhen/flow-grpo-algo/runs/njpjfulm,107,544.40726092696,weighted,3.4324722290039062,3.029945145544582
njpjfulm,DiffusionNFT,https://wandb.ai/vanzl3386-chinese-university-of-hong-kong-shenzhen/flow-grpo-algo/runs/njpjfulm,108,549.3738307264445,weighted,3.535707950592041,3.071921413460985
njpjfulm,DiffusionNFT,https://wandb.ai/vanzl3386-chinese-university-of-hong-kong-shenzhen/flow-grpo-algo/runs/njpjfulm,109,554.3354918555023,weighted,3.5600438117980957,3.1124335989442042
njpjfulm,DiffusionNFT,https://wandb.ai/vanzl3386-chinese-university-of-hong-kong-shenzhen/flow-grpo-algo/runs/njpjfulm,110,559.3010423679023,weighted,3.609194755554199,3.153662766435805
njpjfulm,DiffusionNFT,https://wandb.ai/vanzl3386-chinese-university-of-hong-kong-shenzhen/flow-grpo-algo/runs/njpjfulm,111,564.2691561163733,weighted,3.5827348232269287,3.1892740123233234
njpjfulm,DiffusionNFT,https://wandb.ai/vanzl3386-chinese-university-of-hong-kong-shenzhen/flow-grpo-algo/runs/njpjfulm,112,569.2366650142667,weighted,3.7116923332214355,3.2326326207136713
njpjfulm,DiffusionNFT,https://wandb.ai/vanzl3386-chinese-university-of-hong-kong-shenzhen/flow-grpo-algo/runs/njpjfulm,113,574.2014714822756,weighted,3.64011549949646,3.266452052115964
njpjfulm,DiffusionNFT,https://wandb.ai/vanzl3386-chinese-university-of-hong-kong-shenzhen/flow-grpo-algo/runs/njpjfulm,114,579.1660836746489,weighted,3.7881922721862793,3.3097543808793053
njpjfulm,DiffusionNFT,https://wandb.ai/vanzl3386-chinese-university-of-hong-kong-shenzhen/flow-grpo-algo/runs/njpjfulm,115,584.1307864733067,weighted,3.7665486335754395,3.3476664569404284
njpjfulm,DiffusionNFT,https://wandb.ai/vanzl3386-chinese-university-of-hong-kong-shenzhen/flow-grpo-algo/runs/njpjfulm,116,589.0920593487289,weighted,3.8450205326080322,3.3889448343165176
njpjfulm,DiffusionNFT,https://wandb.ai/vanzl3386-chinese-university-of-hong-kong-shenzhen/flow-grpo-algo/runs/njpjfulm,117,594.0570543058756,weighted,3.770650863647461,3.420624891435385
njpjfulm,DiffusionNFT,https://wandb.ai/vanzl3386-chinese-university-of-hong-kong-shenzhen/flow-grpo-algo/runs/njpjfulm,118,599.0281466549067,weighted,3.8578569889068604,3.4569133877066585
njpjfulm,DiffusionNFT,https://wandb.ai/vanzl3386-chinese-university-of-hong-kong-shenzhen/flow-grpo-algo/runs/njpjfulm,119,604.0000211099377,weighted,3.7424027919769287,3.4806078539689977
njpjfulm,DiffusionNFT,https://wandb.ai/vanzl3386-chinese-university-of-hong-kong-shenzhen/flow-grpo-algo/runs/njpjfulm,120,608.9686423046844,weighted,3.8299560546875,3.5096023421423563
njpjfulm,DiffusionNFT,https://wandb.ai/vanzl3386-chinese-university-of-hong-kong-shenzhen/flow-grpo-algo/runs/njpjfulm,121,613.9285413093066,weighted,3.7760472297668457,3.5317161905239747
njpjfulm,DiffusionNFT,https://wandb.ai/vanzl3386-chinese-university-of-hong-kong-shenzhen/flow-grpo-algo/runs/njpjfulm,122,618.8895926575378,weighted,3.814558744430542,3.5551909789078846
njpjfulm,DiffusionNFT,https://wandb.ai/vanzl3386-chinese-university-of-hong-kong-shenzhen/flow-grpo-algo/runs/njpjfulm,123,623.8578135211734,weighted,3.840439796447754,3.5788654774443422
njpjfulm,DiffusionNFT,https://wandb.ai/vanzl3386-chinese-university-of-hong-kong-shenzhen/flow-grpo-algo/runs/njpjfulm,124,628.8271788214045,weighted,3.848386526107788,3.601234634754645
njpjfulm,DiffusionNFT,https://wandb.ai/vanzl3386-chinese-university-of-hong-kong-shenzhen/flow-grpo-algo/runs/njpjfulm,125,633.7957048700888,weighted,3.841212272644043,3.6211518084207586
njpjfulm,DiffusionNFT,https://wandb.ai/vanzl3386-chinese-university-of-hong-kong-shenzhen/flow-grpo-algo/runs/njpjfulm,126,638.7591296460178,weighted,3.859342098236084,3.6409206394233378
njpjfulm,DiffusionNFT,https://wandb.ai/vanzl3386-chinese-university-of-hong-kong-shenzhen/flow-grpo-algo/runs/njpjfulm,127,643.7249187243289,weighted,3.9130754470825195,3.66350838808146
njpjfulm,DiffusionNFT,https://wandb.ai/vanzl3386-chinese-university-of-hong-kong-shenzhen/flow-grpo-algo/runs/njpjfulm,128,648.7010969902221,weighted,3.875716209411621,3.681120779252209
njpjfulm,DiffusionNFT,https://wandb.ai/vanzl3386-chinese-university-of-hong-kong-shenzhen/flow-grpo-algo/runs/njpjfulm,129,653.7004621551733,weighted,3.928492307662964,3.701651615936582
njpjfulm,DiffusionNFT,https://wandb.ai/vanzl3386-chinese-university-of-hong-kong-shenzhen/flow-grpo-algo/runs/njpjfulm,130,658.6583545511911,weighted,3.8959245681762695,3.7177754854871683
njpjfulm,DiffusionNFT,https://wandb.ai/vanzl3386-chinese-university-of-hong-kong-shenzhen/flow-grpo-algo/runs/njpjfulm,131,663.6332438992089,weighted,3.947140693664551,3.73681187039541
njpjfulm,DiffusionNFT,https://wandb.ai/vanzl3386-chinese-university-of-hong-kong-shenzhen/flow-grpo-algo/runs/njpjfulm,132,668.6006878004,weighted,3.939981698989868,3.7536741447115496
njpjfulm,DiffusionNFT,https://wandb.ai/vanzl3386-chinese-university-of-hong-kong-shenzhen/flow-grpo-algo/runs/njpjfulm,133,673.5617221314933,weighted,3.9648354053497314,3.7711996755763235
njpjfulm,DiffusionNFT,https://wandb.ai/vanzl3386-chinese-university-of-hong-kong-shenzhen/flow-grpo-algo/runs/njpjfulm,134,678.5243514501778,weighted,3.9754669666290283,3.7881530348392327
njpjfulm,DiffusionNFT,https://wandb.ai/vanzl3386-chinese-university-of-hong-kong-shenzhen/flow-grpo-algo/runs/njpjfulm,135,683.4965857916267,weighted,3.9987030029296875,3.805627830894126
njpjfulm,DiffusionNFT,https://wandb.ai/vanzl3386-chinese-university-of-hong-kong-shenzhen/flow-grpo-algo/runs/njpjfulm,136,688.4589117953066,weighted,3.996351957321167,3.8214571622508915
njpjfulm,DiffusionNFT,https://wandb.ai/vanzl3386-chinese-university-of-hong-kong-shenzhen/flow-grpo-algo/runs/njpjfulm,137,693.4252930169866,weighted,4.001882076263428,3.8364317006190767
njpjfulm,DiffusionNFT,https://wandb.ai/vanzl3386-chinese-university-of-hong-kong-shenzhen/flow-grpo-algo/runs/njpjfulm,138,698.3940826426489,weighted,4.009834289550781,3.8508234143982505
njpjfulm,DiffusionNFT,https://wandb.ai/vanzl3386-chinese-university-of-hong-kong-shenzhen/flow-grpo-algo/runs/njpjfulm,139,703.3599473172267,weighted,4.028337478637695,3.865556364004431
njpjfulm,DiffusionNFT,https://wandb.ai/vanzl3386-chinese-university-of-hong-kong-shenzhen/flow-grpo-algo/runs/njpjfulm,140,708.3232817876356,weighted,4.04190731048584,3.880192779539417
njpjfulm,DiffusionNFT,https://wandb.ai/vanzl3386-chinese-university-of-hong-kong-shenzhen/flow-grpo-algo/runs/njpjfulm,141,713.2839177983644,weighted,4.0417656898498535,3.893602677822838
njpjfulm,DiffusionNFT,https://wandb.ai/vanzl3386-chinese-university-of-hong-kong-shenzhen/flow-grpo-algo/runs/njpjfulm,142,718.25432511912,weighted,4.055180072784424,3.907012948314171
njpjfulm,DiffusionNFT,https://wandb.ai/vanzl3386-chinese-university-of-hong-kong-shenzhen/flow-grpo-algo/runs/njpjfulm,143,723.2151265501067,weighted,4.055073261260986,3.919301355650608
njpjfulm,DiffusionNFT,https://wandb.ai/vanzl3386-chinese-university-of-hong-kong-shenzhen/flow-grpo-algo/runs/njpjfulm,144,728.1855951564266,weighted,4.076128959655762,3.9323174126969347
njpjfulm,DiffusionNFT,https://wandb.ai/vanzl3386-chinese-university-of-hong-kong-shenzhen/flow-grpo-algo/runs/njpjfulm,145,733.165271930791,weighted,4.088736057281494,3.945299527764859
njpjfulm,DiffusionNFT,https://wandb.ai/vanzl3386-chinese-university-of-hong-kong-shenzhen/flow-grpo-algo/runs/njpjfulm,146,738.1268135701423,weighted,4.094061851501465,3.957646199158475
njpjfulm,DiffusionNFT,https://wandb.ai/vanzl3386-chinese-university-of-hong-kong-shenzhen/flow-grpo-algo/runs/njpjfulm,147,743.0973527007378,weighted,4.083804130554199,3.968116797381983
njpjfulm,DiffusionNFT,https://wandb.ai/vanzl3386-chinese-university-of-hong-kong-shenzhen/flow-grpo-algo/runs/njpjfulm,148,748.0675503204889,weighted,4.114743709564209,3.9802862382504918
njpjfulm,DiffusionNFT,https://wandb.ai/vanzl3386-chinese-university-of-hong-kong-shenzhen/flow-grpo-algo/runs/njpjfulm,149,753.0374832323023,weighted,4.098796844482422,3.990122139405105
njpjfulm,DiffusionNFT,https://wandb.ai/vanzl3386-chinese-university-of-hong-kong-shenzhen/flow-grpo-algo/runs/njpjfulm,150,758.0004622973689,weighted,4.105382442474365,3.9996882785388577
njpjfulm,DiffusionNFT,https://wandb.ai/vanzl3386-chinese-university-of-hong-kong-shenzhen/flow-grpo-algo/runs/njpjfulm,151,762.9853195687645,weighted,4.108665466308594,4.008732944506671
njpjfulm,DiffusionNFT,https://wandb.ai/vanzl3386-chinese-university-of-hong-kong-shenzhen/flow-grpo-algo/runs/njpjfulm,152,767.9484983876179,weighted,4.116669654846191,4.017691255054641
njpjfulm,DiffusionNFT,https://wandb.ai/vanzl3386-chinese-university-of-hong-kong-shenzhen/flow-grpo-algo/runs/njpjfulm,153,772.9113158979821,weighted,4.128056049346924,4.026851086753448
njpjfulm,DiffusionNFT,https://wandb.ai/vanzl3386-chinese-university-of-hong-kong-shenzhen/flow-grpo-algo/runs/njpjfulm,154,777.8740018559467,weighted,4.126661777496338,4.0351349705300565
njpjfulm,DiffusionNFT,https://wandb.ai/vanzl3386-chinese-university-of-hong-kong-shenzhen/flow-grpo-algo/runs/njpjfulm,155,782.842706336969,weighted,4.148598670959473,4.044551998908735
njpjfulm,DiffusionNFT,https://wandb.ai/vanzl3386-chinese-university-of-hong-kong-shenzhen/flow-grpo-algo/runs/njpjfulm,156,787.8107775320177,weighted,4.130768299102783,4.051707603234693
njpjfulm,DiffusionNFT,https://wandb.ai/vanzl3386-chinese-university-of-hong-kong-shenzhen/flow-grpo-algo/runs/njpjfulm,157,792.7767549597867,weighted,4.140195846557617,4.059051769654417
njpjfulm,DiffusionNFT,https://wandb.ai/vanzl3386-chinese-university-of-hong-kong-shenzhen/flow-grpo-algo/runs/njpjfulm,158,797.7403189839112,weighted,4.150144577026367,4.066612104359424
njpjfulm,DiffusionNFT,https://wandb.ai/vanzl3386-chinese-university-of-hong-kong-shenzhen/flow-grpo-algo/runs/njpjfulm,159,802.7106442248266,weighted,4.1661176681518555,4.074870663832836
njpjfulm,DiffusionNFT,https://wandb.ai/vanzl3386-chinese-university-of-hong-kong-shenzhen/flow-grpo-algo/runs/njpjfulm,160,807.6817670203734,weighted,4.162199974060059,4.08211864349142
njpjfulm,DiffusionNFT,https://wandb.ai/vanzl3386-chinese-university-of-hong-kong-shenzhen/flow-grpo-algo/runs/njpjfulm,161,812.6543997024178,weighted,4.174707889556885,4.089803176557581
njpjfulm,DiffusionNFT,https://wandb.ai/vanzl3386-chinese-university-of-hong-kong-shenzhen/flow-grpo-algo/runs/njpjfulm,162,817.6301138974844,weighted,4.157857418060303,4.09545140344508
njpjfulm,DiffusionNFT,https://wandb.ai/vanzl3386-chinese-university-of-hong-kong-shenzhen/flow-grpo-algo/runs/njpjfulm,163,822.5961891792533,weighted,4.176603317260742,4.102186684177982
njpjfulm,DiffusionNFT,https://wandb.ai/vanzl3386-chinese-university-of-hong-kong-shenzhen/flow-grpo-algo/runs/njpjfulm,164,827.5636275466934,weighted,4.18662691116333,4.109194881608646
njpjfulm,DiffusionNFT,https://wandb.ai/vanzl3386-chinese-university-of-hong-kong-shenzhen/flow-grpo-algo/runs/njpjfulm,165,832.5323624836711,weighted,4.205578327178955,4.117194317892984
njpjfulm,DiffusionNFT,https://wandb.ai/vanzl3386-chinese-university-of-hong-kong-shenzhen/flow-grpo-algo/runs/njpjfulm,166,837.5003012148622,weighted,4.199218273162842,4.124001974540744
njpjfulm,DiffusionNFT,https://wandb.ai/vanzl3386-chinese-university-of-hong-kong-shenzhen/flow-grpo-algo/runs/njpjfulm,167,842.4838146339022,weighted,4.208763599395752,4.131036846695112
njpjfulm,DiffusionNFT,https://wandb.ai/vanzl3386-chinese-university-of-hong-kong-shenzhen/flow-grpo-algo/runs/njpjfulm,168,847.4451318653332,weighted,4.204148769378662,4.1371048406713795
njpjfulm,DiffusionNFT,https://wandb.ai/vanzl3386-chinese-university-of-hong-kong-shenzhen/flow-grpo-algo/runs/njpjfulm,169,852.4152126235289,weighted,4.222833156585693,4.14421994427514
njpjfulm,DiffusionNFT,https://wandb.ai/vanzl3386-chinese-university-of-hong-kong-shenzhen/flow-grpo-algo/runs/njpjfulm,170,857.3814362200623,weighted,4.217161178588867,4.150273771806841
njpjfulm,DiffusionNFT,https://wandb.ai/vanzl3386-chinese-university-of-hong-kong-shenzhen/flow-grpo-algo/runs/njpjfulm,171,862.3505453816267,weighted,4.216423511505127,4.155763932744862
njpjfulm,DiffusionNFT,https://wandb.ai/vanzl3386-chinese-university-of-hong-kong-shenzhen/flow-grpo-algo/runs/njpjfulm,172,867.3146318293155,weighted,4.218681335449219,4.160985822781387
njpjfulm,DiffusionNFT,https://wandb.ai/vanzl3386-chinese-university-of-hong-kong-shenzhen/flow-grpo-algo/runs/njpjfulm,173,872.2832781392622,weighted,4.219536304473877,4.165845276030282
njpjfulm,DiffusionNFT,https://wandb.ai/vanzl3386-chinese-university-of-hong-kong-shenzhen/flow-grpo-algo/runs/njpjfulm,174,877.2542269133778,weighted,4.2251057624816895,4.170763656803474
njpjfulm,DiffusionNFT,https://wandb.ai/vanzl3386-chinese-university-of-hong-kong-shenzhen/flow-grpo-algo/runs/njpjfulm,175,882.2220675045422,weighted,4.246518135070801,4.177050972208802
njpjfulm,DiffusionNFT,https://wandb.ai/vanzl3386-chinese-university-of-hong-kong-shenzhen/flow-grpo-algo/runs/njpjfulm,176,887.1914592971733,weighted,4.224815368652344,4.181015223992385
njpjfulm,DiffusionNFT,https://wandb.ai/vanzl3386-chinese-university-of-hong-kong-shenzhen/flow-grpo-algo/runs/njpjfulm,177,892.1491750514577,weighted,4.245301723480225,4.1863507435264005
njpjfulm,DiffusionNFT,https://wandb.ai/vanzl3386-chinese-university-of-hong-kong-shenzhen/flow-grpo-algo/runs/njpjfulm,178,897.1148209252177,weighted,4.243350028991699,4.191081453760243
njpjfulm,DiffusionNFT,https://wandb.ai/vanzl3386-chinese-university-of-hong-kong-shenzhen/flow-grpo-algo/runs/njpjfulm,179,902.08232756032,weighted,4.245645523071289,4.19561005089936
njpjfulm,DiffusionNFT,https://wandb.ai/vanzl3386-chinese-university-of-hong-kong-shenzhen/flow-grpo-algo/runs/njpjfulm,180,907.0530695501778,weighted,4.249070167541504,4.200047024430464
njpjfulm,DiffusionNFT,https://wandb.ai/vanzl3386-chinese-university-of-hong-kong-shenzhen/flow-grpo-algo/runs/njpjfulm,181,912.0184079548801,weighted,4.266000747680664,4.2055209167958285
njpjfulm,DiffusionNFT,https://wandb.ai/vanzl3386-chinese-university-of-hong-kong-shenzhen/flow-grpo-algo/runs/njpjfulm,182,916.9766628410489,weighted,4.250866413116455,4.209284409649318
njpjfulm,DiffusionNFT,https://wandb.ai/vanzl3386-chinese-university-of-hong-kong-shenzhen/flow-grpo-algo/runs/njpjfulm,183,921.9499425374399,weighted,4.271547794342041,4.214452018835206
njpjfulm,DiffusionNFT,https://wandb.ai/vanzl3386-chinese-university-of-hong-kong-shenzhen/flow-grpo-algo/runs/njpjfulm,184,926.9181798697333,weighted,4.273350715637207,4.219340372530286
njpjfulm,DiffusionNFT,https://wandb.ai/vanzl3386-chinese-university-of-hong-kong-shenzhen/flow-grpo-algo/runs/njpjfulm,185,931.8841205893156,weighted,4.276569366455078,4.224090147637508
njpjfulm,DiffusionNFT,https://wandb.ai/vanzl3386-chinese-university-of-hong-kong-shenzhen/flow-grpo-algo/runs/njpjfulm,186,936.8536222972889,weighted,4.2833170890808105,4.229005744310656
njpjfulm,DiffusionNFT,https://wandb.ai/vanzl3386-chinese-university-of-hong-kong-shenzhen/flow-grpo-algo/runs/njpjfulm,187,941.8190652715377,weighted,4.2841339111328125,4.2335811592624335
njpjfulm,DiffusionNFT,https://wandb.ai/vanzl3386-chinese-university-of-hong-kong-shenzhen/flow-grpo-algo/runs/njpjfulm,188,946.7864232621512,weighted,4.284595012664795,4.23781510283538
njpjfulm,DiffusionNFT,https://wandb.ai/vanzl3386-chinese-university-of-hong-kong-shenzhen/flow-grpo-algo/runs/njpjfulm,189,951.7448443416978,weighted,4.2906999588012695,4.242204332056252
njpjfulm,DiffusionNFT,https://wandb.ai/vanzl3386-chinese-university-of-hong-kong-shenzhen/flow-grpo-algo/runs/njpjfulm,190,956.7141438712179,weighted,4.304247856140137,4.247353693700548
njpjfulm,DiffusionNFT,https://wandb.ai/vanzl3386-chinese-university-of-hong-kong-shenzhen/flow-grpo-algo/runs/njpjfulm,191,961.7200015606577,weighted,4.290041923522949,4.250896644178558
njpjfulm,DiffusionNFT,https://wandb.ai/vanzl3386-chinese-university-of-hong-kong-shenzhen/flow-grpo-algo/runs/njpjfulm,192,966.6974870370666,weighted,4.291317939758301,4.2542514482801055
njpjfulm,DiffusionNFT,https://wandb.ai/vanzl3386-chinese-university-of-hong-kong-shenzhen/flow-grpo-algo/runs/njpjfulm,193,971.6714879562578,weighted,4.304123401641846,4.258390618766615
njpjfulm,DiffusionNFT,https://wandb.ai/vanzl3386-chinese-university-of-hong-kong-shenzhen/flow-grpo-algo/runs/njpjfulm,194,976.636150842969,weighted,4.300442218780518,4.261880731544544
njpjfulm,DiffusionNFT,https://wandb.ai/vanzl3386-chinese-university-of-hong-kong-shenzhen/flow-grpo-algo/runs/njpjfulm,195,981.6101938699555,weighted,4.298512935638428,4.264921056372837
njpjfulm,DiffusionNFT,https://wandb.ai/vanzl3386-chinese-university-of-hong-kong-shenzhen/flow-grpo-algo/runs/njpjfulm,196,986.5757903539823,weighted,4.2916154861450195,4.267136586112885
njpjfulm,DiffusionNFT,https://wandb.ai/vanzl3386-chinese-university-of-hong-kong-shenzhen/flow-grpo-algo/runs/njpjfulm,197,991.5455833429334,weighted,4.301326751708984,4.269974231619524
njpjfulm,DiffusionNFT,https://wandb.ai/vanzl3386-chinese-university-of-hong-kong-shenzhen/flow-grpo-algo/runs/njpjfulm,198,996.5155529482045,weighted,4.3159356117248535,4.273788840337
njpjfulm,DiffusionNFT,https://wandb.ai/vanzl3386-chinese-university-of-hong-kong-shenzhen/flow-grpo-algo/runs/njpjfulm,199,1001.4801653096978,weighted,4.3196210861206055,4.277592731427888
njpjfulm,DiffusionNFT,https://wandb.ai/vanzl3386-chinese-university-of-hong-kong-shenzhen/flow-grpo-algo/runs/njpjfulm,200,1006.4569655264355,weighted,4.3044514656066895,4.279821897769369
njpjfulm,DiffusionNFT,https://wandb.ai/vanzl3386-chinese-university-of-hong-kong-shenzhen/flow-grpo-algo/runs/njpjfulm,201,1011.9452879369867,weighted,4.322917938232422,4.283398694881691
njpjfulm,DiffusionNFT,https://wandb.ai/vanzl3386-chinese-university-of-hong-kong-shenzhen/flow-grpo-algo/runs/njpjfulm,202,1016.9120546835557,weighted,4.315515041351318,4.286064221785708
njpjfulm,DiffusionNFT,https://wandb.ai/vanzl3386-chinese-university-of-hong-kong-shenzhen/flow-grpo-algo/runs/njpjfulm,203,1021.88938023616,weighted,4.336622714996338,4.290260372303854
njpjfulm,DiffusionNFT,https://wandb.ai/vanzl3386-chinese-university-of-hong-kong-shenzhen/flow-grpo-algo/runs/njpjfulm,204,1026.8575704224268,weighted,4.325031280517578,4.293146217099695
njpjfulm,DiffusionNFT,https://wandb.ai/vanzl3386-chinese-university-of-hong-kong-shenzhen/flow-grpo-algo/runs/njpjfulm,205,1031.8237140857777,weighted,4.3257737159729,4.295854167586516
njpjfulm,DiffusionNFT,https://wandb.ai/vanzl3386-chinese-university-of-hong-kong-shenzhen/flow-grpo-algo/runs/njpjfulm,206,1036.79884465688,weighted,4.340111255645752,4.299527326954967
njpjfulm,DiffusionNFT,https://wandb.ai/vanzl3386-chinese-university-of-hong-kong-shenzhen/flow-grpo-algo/runs/njpjfulm,207,1041.7713658726311,weighted,4.337771892547607,4.30270147126855
njpjfulm,DiffusionNFT,https://wandb.ai/vanzl3386-chinese-university-of-hong-kong-shenzhen/flow-grpo-algo/runs/njpjfulm,208,1046.7372211572979,weighted,4.331239223480225,4.305069989318146
njpjfulm,DiffusionNFT,https://wandb.ai/vanzl3386-chinese-university-of-hong-kong-shenzhen/flow-grpo-algo/runs/njpjfulm,209,1051.7016752431466,weighted,4.345798969268799,4.308450329978448
njpjfulm,DiffusionNFT,https://wandb.ai/vanzl3386-chinese-university-of-hong-kong-shenzhen/flow-grpo-algo/runs/njpjfulm,210,1056.6696312864267,weighted,4.34276819229126,4.31129857379627
njpjfulm,DiffusionNFT,https://wandb.ai/vanzl3386-chinese-university-of-hong-kong-shenzhen/flow-grpo-algo/runs/njpjfulm,211,1061.6410654458666,weighted,4.356304168701172,4.315033856206545
njpjfulm,DiffusionNFT,https://wandb.ai/vanzl3386-chinese-university-of-hong-kong-shenzhen/flow-grpo-algo/runs/njpjfulm,212,1066.6226315627378,weighted,4.349060535430908,4.317857933005339
njpjfulm,DiffusionNFT,https://wandb.ai/vanzl3386-chinese-university-of-hong-kong-shenzhen/flow-grpo-algo/runs/njpjfulm,213,1071.5949059282043,weighted,4.358722686767578,4.3212495423430415
njpjfulm,DiffusionNFT,https://wandb.ai/vanzl3386-chinese-university-of-hong-kong-shenzhen/flow-grpo-algo/runs/njpjfulm,214,1076.5643713671643,weighted,4.3597893714904785,4.3244481923378615
njpjfulm,DiffusionNFT,https://wandb.ai/vanzl3386-chinese-university-of-hong-kong-shenzhen/flow-grpo-algo/runs/njpjfulm,215,1081.5341606268266,weighted,4.35917329788208,4.327330235697323
njpjfulm,DiffusionNFT,https://wandb.ai/vanzl3386-chinese-university-of-hong-kong-shenzhen/flow-grpo-algo/runs/njpjfulm,216,1086.4992696465422,weighted,4.365354061126709,4.3304860594698535
njpjfulm,DiffusionNFT,https://wandb.ai/vanzl3386-chinese-university-of-hong-kong-shenzhen/flow-grpo-algo/runs/njpjfulm,217,1091.4721296660355,weighted,4.371340751647949,4.3338768337367535
njpjfulm,DiffusionNFT,https://wandb.ai/vanzl3386-chinese-university-of-hong-kong-shenzhen/flow-grpo-algo/runs/njpjfulm,218,1096.4374609382135,weighted,4.369640350341797,4.3368450610157545
njpjfulm,DiffusionNFT,https://wandb.ai/vanzl3386-chinese-university-of-hong-kong-shenzhen/flow-grpo-algo/runs/njpjfulm,219,1101.4046068316354,weighted,4.3752593994140625,4.340033295785782
njpjfulm,DiffusionNFT,https://wandb.ai/vanzl3386-chinese-university-of-hong-kong-shenzhen/flow-grpo-algo/runs/njpjfulm,220,1106.3742797850134,weighted,4.378546237945557,4.343229714269335
njpjfulm,DiffusionNFT,https://wandb.ai/vanzl3386-chinese-university-of-hong-kong-shenzhen/flow-grpo-algo/runs/njpjfulm,221,1111.3481845721424,weighted,4.385464668273926,4.346735044687153
njpjfulm,DiffusionNFT,https://wandb.ai/vanzl3386-chinese-university-of-hong-kong-shenzhen/flow-grpo-algo/runs/njpjfulm,222,1116.3115148553422,weighted,4.3824968338012695,4.3497031285913925
njpjfulm,DiffusionNFT,https://wandb.ai/vanzl3386-chinese-university-of-hong-kong-shenzhen/flow-grpo-algo/runs/njpjfulm,223,1121.2814654295555,weighted,4.404993534088135,4.354292008697196
njpjfulm,DiffusionNFT,https://wandb.ai/vanzl3386-chinese-university-of-hong-kong-shenzhen/flow-grpo-algo/runs/njpjfulm,224,1126.249476281849,weighted,4.396258354187012,4.357775045694327
njpjfulm,DiffusionNFT,https://wandb.ai/vanzl3386-chinese-university-of-hong-kong-shenzhen/flow-grpo-algo/runs/njpjfulm,225,1131.2197074706935,weighted,4.40212345123291,4.361455784044349
njpjfulm,DiffusionNFT,https://wandb.ai/vanzl3386-chinese-university-of-hong-kong-shenzhen/flow-grpo-algo/runs/njpjfulm,226,1136.19103997,weighted,4.399911880493164,4.364647484563732
njpjfulm,DiffusionNFT,https://wandb.ai/vanzl3386-chinese-university-of-hong-kong-shenzhen/flow-grpo-algo/runs/njpjfulm,227,1141.1676470414488,weighted,4.398624420166016,4.367467432843016
njpjfulm,DiffusionNFT,https://wandb.ai/vanzl3386-chinese-university-of-hong-kong-shenzhen/flow-grpo-algo/runs/njpjfulm,228,1146.138332188711,weighted,4.412206649780273,4.371180606958998
njpjfulm,DiffusionNFT,https://wandb.ai/vanzl3386-chinese-university-of-hong-kong-shenzhen/flow-grpo-algo/runs/njpjfulm,229,1151.1143503984533,weighted,4.419632911682129,4.375201952348433
njpjfulm,DiffusionNFT,https://wandb.ai/vanzl3386-chinese-university-of-hong-kong-shenzhen/flow-grpo-algo/runs/njpjfulm,230,1156.078945880951,weighted,4.429284572601318,4.379690591162319
njpjfulm,DiffusionNFT,https://wandb.ai/vanzl3386-chinese-university-of-hong-kong-shenzhen/flow-grpo-algo/runs/njpjfulm,231,1161.0493147904267,weighted,4.419518947601318,4.382996183712559
njpjfulm,DiffusionNFT,https://wandb.ai/vanzl3386-chinese-university-of-hong-kong-shenzhen/flow-grpo-algo/runs/njpjfulm,232,1166.0141257622402,weighted,4.424125671386719,4.386409764894578
njpjfulm,DiffusionNFT,https://wandb.ai/vanzl3386-chinese-university-of-hong-kong-shenzhen/flow-grpo-algo/runs/njpjfulm,233,1170.9823043543556,weighted,4.4201579093933105,4.3892107244373175
njpjfulm,DiffusionNFT,https://wandb.ai/vanzl3386-chinese-university-of-hong-kong-shenzhen/flow-grpo-algo/runs/njpjfulm,234,1175.955218618658,weighted,4.433026313781738,4.392847241197509
njpjfulm,DiffusionNFT,https://wandb.ai/vanzl3386-chinese-university-of-hong-kong-shenzhen/flow-grpo-algo/runs/njpjfulm,235,1180.922710224729,weighted,4.439657211303711,4.396732279454033
njpjfulm,DiffusionNFT,https://wandb.ai/vanzl3386-chinese-university-of-hong-kong-shenzhen/flow-grpo-algo/runs/njpjfulm,236,1185.8895743228888,weighted,4.434228420257568,4.399844307536155
njpjfulm,DiffusionNFT,https://wandb.ai/vanzl3386-chinese-university-of-hong-kong-shenzhen/flow-grpo-algo/runs/njpjfulm,237,1190.8647101845067,weighted,4.4419403076171875,4.403338105340136
njpjfulm,DiffusionNFT,https://wandb.ai/vanzl3386-chinese-university-of-hong-kong-shenzhen/flow-grpo-algo/runs/njpjfulm,238,1195.8317834038844,weighted,4.439845561981201,4.406368076634226
njpjfulm,DiffusionNFT,https://wandb.ai/vanzl3386-chinese-university-of-hong-kong-shenzhen/flow-grpo-algo/runs/njpjfulm,239,1200.8045903301868,weighted,4.435949325561523,4.408823200692148
njpjfulm,DiffusionNFT,https://wandb.ai/vanzl3386-chinese-university-of-hong-kong-shenzhen/flow-grpo-algo/runs/njpjfulm,240,1205.7667281045067,weighted,4.4448137283325195,4.411810268969229
njpjfulm,DiffusionNFT,https://wandb.ai/vanzl3386-chinese-university-of-hong-kong-shenzhen/flow-grpo-algo/runs/njpjfulm,241,1210.7429266829865,weighted,4.455443859100342,4.415431680530577
njpjfulm,DiffusionNFT,https://wandb.ai/vanzl3386-chinese-university-of-hong-kong-shenzhen/flow-grpo-algo/runs/njpjfulm,242,1215.7080619717867,weighted,4.455147743225098,4.418727953154051
njpjfulm,DiffusionNFT,https://wandb.ai/vanzl3386-chinese-university-of-hong-kong-shenzhen/flow-grpo-algo/runs/njpjfulm,243,1220.6772019868179,weighted,4.44797945022583,4.421155709141219
njpjfulm,DiffusionNFT,https://wandb.ai/vanzl3386-chinese-university-of-hong-kong-shenzhen/flow-grpo-algo/runs/njpjfulm,244,1225.6399158347556,weighted,4.462183475494385,4.424560847864875
njpjfulm,DiffusionNFT,https://wandb.ai/vanzl3386-chinese-university-of-hong-kong-shenzhen/flow-grpo-algo/runs/njpjfulm,245,1230.6032325327021,weighted,4.4530792236328125,4.4269277577479835
njpjfulm,DiffusionNFT,https://wandb.ai/vanzl3386-chinese-university-of-hong-kong-shenzhen/flow-grpo-algo/runs/njpjfulm,246,1235.5740186183468,weighted,4.453963279724121,4.429171596761854
njpjfulm,DiffusionNFT,https://wandb.ai/vanzl3386-chinese-university-of-hong-kong-shenzhen/flow-grpo-algo/runs/njpjfulm,247,1240.5418148866931,weighted,4.457815170288086,4.431548897552701
njpjfulm,DiffusionNFT,https://wandb.ai/vanzl3386-chinese-university-of-hong-kong-shenzhen/flow-grpo-algo/runs/njpjfulm,248,1245.5130397850755,weighted,4.465116024017334,4.434334833330503
njpjfulm,DiffusionNFT,https://wandb.ai/vanzl3386-chinese-university-of-hong-kong-shenzhen/flow-grpo-algo/runs/njpjfulm,249,1250.4774674976888,weighted,4.4710235595703125,4.437379849268378
njpjfulm,DiffusionNFT,https://wandb.ai/vanzl3386-chinese-university-of-hong-kong-shenzhen/flow-grpo-algo/runs/njpjfulm,250,1255.4596980952,weighted,4.473165988922119,4.440349954168951
njpjfulm,DiffusionNFT,https://wandb.ai/vanzl3386-chinese-university-of-hong-kong-shenzhen/flow-grpo-algo/runs/njpjfulm,251,1260.4299138732267,weighted,4.485541820526123,4.444100696356632
njpjfulm,DiffusionNFT,https://wandb.ai/vanzl3386-chinese-university-of-hong-kong-shenzhen/flow-grpo-algo/runs/njpjfulm,252,1265.39694094008,weighted,4.47370719909668,4.4465579163789055
njpjfulm,DiffusionNFT,https://wandb.ai/vanzl3386-chinese-university-of-hong-kong-shenzhen/flow-grpo-algo/runs/njpjfulm,253,1270.3664799678045,weighted,4.486617088317871,4.449882665682408
njpjfulm,DiffusionNFT,https://wandb.ai/vanzl3386-chinese-university-of-hong-kong-shenzhen/flow-grpo-algo/runs/njpjfulm,254,1275.331064193769,weighted,4.484408855438232,4.452748199835691
njpjfulm,DiffusionNFT,https://wandb.ai/vanzl3386-chinese-university-of-hong-kong-shenzhen/flow-grpo-algo/runs/njpjfulm,255,1280.2964054517602,weighted,4.4851884841918945,4.455440612274546
njpjfulm,DiffusionNFT,https://wandb.ai/vanzl3386-chinese-university-of-hong-kong-shenzhen/flow-grpo-algo/runs/njpjfulm,256,1285.2618109734044,weighted,4.4940714836120605,4.4586468184030394
njpjfulm,DiffusionNFT,https://wandb.ai/vanzl3386-chinese-university-of-hong-kong-shenzhen/flow-grpo-algo/runs/njpjfulm,257,1290.2257096465512,weighted,4.491584300994873,4.461380496285178
njpjfulm,DiffusionNFT,https://wandb.ai/vanzl3386-chinese-university-of-hong-kong-shenzhen/flow-grpo-algo/runs/njpjfulm,258,1295.2010990998222,weighted,4.5003886222839355,4.464618013025238
njpjfulm,DiffusionNFT,https://wandb.ai/vanzl3386-chinese-university-of-hong-kong-shenzhen/flow-grpo-algo/runs/njpjfulm,259,1300.175587791938,weighted,4.508152961730957,4.468231237747105
njpjfulm,DiffusionNFT,https://wandb.ai/vanzl3386-chinese-university-of-hong-kong-shenzhen/flow-grpo-algo/runs/njpjfulm,260,1305.1394740552798,weighted,4.50693416595459,4.471443424304466
njpjfulm,DiffusionNFT,https://wandb.ai/vanzl3386-chinese-university-of-hong-kong-shenzhen/flow-grpo-algo/runs/njpjfulm,261,1310.1138494933869,weighted,4.5034403800964355,4.4740990422649585
njpjfulm,DiffusionNFT,https://wandb.ai/vanzl3386-chinese-university-of-hong-kong-shenzhen/flow-grpo-algo/runs/njpjfulm,262,1315.0800917391111,weighted,4.5184221267700195,4.477777679071576
njpjfulm,DiffusionNFT,https://wandb.ai/vanzl3386-chinese-university-of-hong-kong-shenzhen/flow-grpo-algo/runs/njpjfulm,263,1320.08893792608,weighted,4.514253616333008,4.480805034384596
njpjfulm,DiffusionNFT,https://wandb.ai/vanzl3386-chinese-university-of-hong-kong-shenzhen/flow-grpo-algo/runs/njpjfulm,264,1325.0609163497868,weighted,4.525880813598633,4.48454614180876
njpjfulm,DiffusionNFT,https://wandb.ai/vanzl3386-chinese-university-of-hong-kong-shenzhen/flow-grpo-algo/runs/njpjfulm,265,1330.0250650221335,weighted,4.518027305603027,4.487324943032487
njpjfulm,DiffusionNFT,https://wandb.ai/vanzl3386-chinese-university-of-hong-kong-shenzhen/flow-grpo-algo/runs/njpjfulm,266,1334.9924111396622,weighted,4.520418167114258,4.490071546828596
njpjfulm,DiffusionNFT,https://wandb.ai/vanzl3386-chinese-university-of-hong-kong-shenzhen/flow-grpo-algo/runs/njpjfulm,267,1339.9684549623732,weighted,4.523486614227295,4.492844862318731
njpjfulm,DiffusionNFT,https://wandb.ai/vanzl3386-chinese-university-of-hong-kong-shenzhen/flow-grpo-algo/runs/njpjfulm,268,1344.93377773576,weighted,4.52994441986084,4.495923975593621
njpjfulm,DiffusionNFT,https://wandb.ai/vanzl3386-chinese-university-of-hong-kong-shenzhen/flow-grpo-algo/runs/njpjfulm,269,1349.9079404559377,weighted,4.534156799316406,4.499097145379481
njpjfulm,DiffusionNFT,https://wandb.ai/vanzl3386-chinese-university-of-hong-kong-shenzhen/flow-grpo-algo/runs/njpjfulm,270,1354.8776247053602,weighted,4.530543804168701,4.501707090913708
njpjfulm,DiffusionNFT,https://wandb.ai/vanzl3386-chinese-university-of-hong-kong-shenzhen/flow-grpo-algo/runs/njpjfulm,271,1359.8463617533155,weighted,4.535646438598633,4.504523919547827
njpjfulm,DiffusionNFT,https://wandb.ai/vanzl3386-chinese-university-of-hong-kong-shenzhen/flow-grpo-algo/runs/njpjfulm,272,1364.813514139449,weighted,4.541487693786621,4.507591763357542
njpjfulm,DiffusionNFT,https://wandb.ai/vanzl3386-chinese-university-of-hong-kong-shenzhen/flow-grpo-algo/runs/njpjfulm,273,1369.7846794920713,weighted,4.545367240905762,4.510726975260057
njpjfulm,DiffusionNFT,https://wandb.ai/vanzl3386-chinese-university-of-hong-kong-shenzhen/flow-grpo-algo/runs/njpjfulm,274,1374.7616961630222,weighted,4.548247814178467,4.513841053185853
njpjfulm,DiffusionNFT,https://wandb.ai/vanzl3386-chinese-university-of-hong-kong-shenzhen/flow-grpo-algo/runs/njpjfulm,275,1379.7380726834845,weighted,4.555295944213867,4.51728164153057
njpjfulm,DiffusionNFT,https://wandb.ai/vanzl3386-chinese-university-of-hong-kong-shenzhen/flow-grpo-algo/runs/njpjfulm,276,1384.7108080474222,weighted,4.555116653442383,4.520421794544553
njpjfulm,DiffusionNFT,https://wandb.ai/vanzl3386-chinese-university-of-hong-kong-shenzhen/flow-grpo-algo/runs/njpjfulm,277,1389.680457959351,weighted,4.559554100036621,4.523669617680474
njpjfulm,DiffusionNFT,https://wandb.ai/vanzl3386-chinese-university-of-hong-kong-shenzhen/flow-grpo-algo/runs/njpjfulm,278,1394.6455173624888,weighted,4.5530619621276855,4.526109063430328
njpjfulm,DiffusionNFT,https://wandb.ai/vanzl3386-chinese-university-of-hong-kong-shenzhen/flow-grpo-algo/runs/njpjfulm,279,1399.6148247469246,weighted,4.576353073120117,4.530279113087765
njpjfulm,DiffusionNFT,https://wandb.ai/vanzl3386-chinese-university-of-hong-kong-shenzhen/flow-grpo-algo/runs/njpjfulm,280,1404.5837095650577,weighted,4.5666961669921875,4.53330158132023
njpjfulm,DiffusionNFT,https://wandb.ai/vanzl3386-chinese-university-of-hong-kong-shenzhen/flow-grpo-algo/runs/njpjfulm,281,1409.553150111849,weighted,4.571639537811279,4.5364834767007824
njpjfulm,DiffusionNFT,https://wandb.ai/vanzl3386-chinese-university-of-hong-kong-shenzhen/flow-grpo-algo/runs/njpjfulm,282,1414.5192234315646,weighted,4.564082622528076,4.538774094215453
njpjfulm,DiffusionNFT,https://wandb.ai/vanzl3386-chinese-university-of-hong-kong-shenzhen/flow-grpo-algo/runs/njpjfulm,283,1419.4949438629956,weighted,4.562313556671143,4.54072777442441
njpjfulm,DiffusionNFT,https://wandb.ai/vanzl3386-chinese-university-of-hong-kong-shenzhen/flow-grpo-algo/runs/njpjfulm,284,1424.466913779182,weighted,4.567333698272705,4.542935958530624
njpjfulm,DiffusionNFT,https://wandb.ai/vanzl3386-chinese-university-of-hong-kong-shenzhen/flow-grpo-algo/runs/njpjfulm,285,1429.4267885612621,weighted,4.575150012969971,4.545609594801075
njpjfulm,DiffusionNFT,https://wandb.ai/vanzl3386-chinese-university-of-hong-kong-shenzhen/flow-grpo-algo/runs/njpjfulm,286,1434.3971554892978,weighted,4.574106693267822,4.547974738754213
njpjfulm,DiffusionNFT,https://wandb.ai/vanzl3386-chinese-university-of-hong-kong-shenzhen/flow-grpo-algo/runs/njpjfulm,287,1439.3671925073422,weighted,4.593677520751953,4.551767884874324
njpjfulm,DiffusionNFT,https://wandb.ai/vanzl3386-chinese-university-of-hong-kong-shenzhen/flow-grpo-algo/runs/njpjfulm,288,1444.3358126788355,weighted,4.588509559631348,4.554817295325045
njpjfulm,DiffusionNFT,https://wandb.ai/vanzl3386-chinese-university-of-hong-kong-shenzhen/flow-grpo-algo/runs/njpjfulm,289,1449.3117966775733,weighted,4.594666957855225,4.558124656194709
njpjfulm,DiffusionNFT,https://wandb.ai/vanzl3386-chinese-university-of-hong-kong-shenzhen/flow-grpo-algo/runs/njpjfulm,290,1454.2768997767646,weighted,4.593624591827393,4.5610710073187155
njpjfulm,DiffusionNFT,https://wandb.ai/vanzl3386-chinese-university-of-hong-kong-shenzhen/flow-grpo-algo/runs/njpjfulm,291,1459.2523754759288,weighted,4.5988240242004395,4.564204355076725
njpjfulm,DiffusionNFT,https://wandb.ai/vanzl3386-chinese-university-of-hong-kong-shenzhen/flow-grpo-algo/runs/njpjfulm,292,1464.2240385660177,weighted,4.601757049560547,4.567321076885652
njpjfulm,DiffusionNFT,https://wandb.ai/vanzl3386-chinese-university-of-hong-kong-shenzhen/flow-grpo-algo/runs/njpjfulm,293,1469.2032675716623,weighted,4.600771903991699,4.570097360286914
njpjfulm,DiffusionNFT,https://wandb.ai/vanzl3386-chinese-university-of-hong-kong-shenzhen/flow-grpo-algo/runs/njpjfulm,294,1474.1758294893423,weighted,4.609630584716797,4.573378458073676
njpjfulm,DiffusionNFT,https://wandb.ai/vanzl3386-chinese-university-of-hong-kong-shenzhen/flow-grpo-algo/runs/njpjfulm,295,1479.145554034462,weighted,4.613316059112549,4.576693117484007
njpjfulm,DiffusionNFT,https://wandb.ai/vanzl3386-chinese-university-of-hong-kong-shenzhen/flow-grpo-algo/runs/njpjfulm,296,1484.112189853422,weighted,4.614672660827637,4.579845266022461
njpjfulm,DiffusionNFT,https://wandb.ai/vanzl3386-chinese-university-of-hong-kong-shenzhen/flow-grpo-algo/runs/njpjfulm,297,1489.0908025272977,weighted,4.606529235839844,4.582059927628553
njpjfulm,DiffusionNFT,https://wandb.ai/vanzl3386-chinese-university-of-hong-kong-shenzhen/flow-grpo-algo/runs/njpjfulm,298,1494.0607708475288,weighted,4.632327556610107,4.586231937591709
njpjfulm,DiffusionNFT,https://wandb.ai/vanzl3386-chinese-university-of-hong-kong-shenzhen/flow-grpo-algo/runs/njpjfulm,299,1499.0310611577245,weighted,4.619845390319824,4.589021718262074
njpjfulm,DiffusionNFT,https://wandb.ai/vanzl3386-chinese-university-of-hong-kong-shenzhen/flow-grpo-algo/runs/njpjfulm,300,1504.0001164027553,weighted,4.626780033111572,4.592155505729988
ontwcush,Flow-GRPO-Fast,https://wandb.ai/vanzl3386-chinese-university-of-hong-kong-shenzhen/flow-grpo-algo/runs/ontwcush,1,6.917697833297778,weighted,0.28396913409233093,0.28396913409233093
ontwcush,Flow-GRPO-Fast,https://wandb.ai/vanzl3386-chinese-university-of-hong-kong-shenzhen/flow-grpo-algo/runs/ontwcush,2,7.212064543066667,weighted,0.28396913409233093,0.28396913409233093
ontwcush,Flow-GRPO-Fast,https://wandb.ai/vanzl3386-chinese-university-of-hong-kong-shenzhen/flow-grpo-algo/runs/ontwcush,3,9.152097913111112,weighted,0.19528260827064514,0.2766085110269065
ontwcush,Flow-GRPO-Fast,https://wandb.ai/vanzl3386-chinese-university-of-hong-kong-shenzhen/flow-grpo-algo/runs/ontwcush,4,9.446457891653333,weighted,0.19528260827064514,0.2698587899154067
ontwcush,Flow-GRPO-Fast,https://wandb.ai/vanzl3386-chinese-university-of-hong-kong-shenzhen/flow-grpo-algo/runs/ontwcush,5,11.369119613235556,weighted,0.1866312474012375,0.26295124039271933
ontwcush,Flow-GRPO-Fast,https://wandb.ai/vanzl3386-chinese-university-of-hong-kong-shenzhen/flow-grpo-algo/runs/ontwcush,6,11.66368355536889,weighted,0.1866312474012375,0.25661698955177853
ontwcush,Flow-GRPO-Fast,https://wandb.ai/vanzl3386-chinese-university-of-hong-kong-shenzhen/flow-grpo-algo/runs/ontwcush,7,13.577909034542222,weighted,0.16052094101905823,0.24864140605955506
ontwcush,Flow-GRPO-Fast,https://wandb.ai/vanzl3386-chinese-university-of-hong-kong-shenzhen/flow-grpo-algo/runs/ontwcush,8,13.87259691464,weighted,0.16052094101905823,0.2413277637502697
ontwcush,Flow-GRPO-Fast,https://wandb.ai/vanzl3386-chinese-university-of-hong-kong-shenzhen/flow-grpo-algo/runs/ontwcush,9,15.820572096097777,weighted,0.2082849144935608,0.23858534086096533
ontwcush,Flow-GRPO-Fast,https://wandb.ai/vanzl3386-chinese-university-of-hong-kong-shenzhen/flow-grpo-algo/runs/ontwcush,10,16.115355600613334,weighted,0.2082849144935608,0.23607052798329617
ontwcush,Flow-GRPO-Fast,https://wandb.ai/vanzl3386-chinese-university-of-hong-kong-shenzhen/flow-grpo-algo/runs/ontwcush,11,21.05258353176889,weighted,0.04906873032450676,0.22055013486415848
ontwcush,Flow-GRPO-Fast,https://wandb.ai/vanzl3386-chinese-university-of-hong-kong-shenzhen/flow-grpo-algo/runs/ontwcush,12,21.347165713164443,weighted,0.04906873032450676,0.20631787162178325
ontwcush,Flow-GRPO-Fast,https://wandb.ai/vanzl3386-chinese-university-of-hong-kong-shenzhen/flow-grpo-algo/runs/ontwcush,13,23.255690307075557,weighted,-0.0003629706334322691,0.18916419736754722
ontwcush,Flow-GRPO-Fast,https://wandb.ai/vanzl3386-chinese-university-of-hong-kong-shenzhen/flow-grpo-algo/runs/ontwcush,14,23.55025978328889,weighted,-0.0003629706334322691,0.1734342087205969
ontwcush,Flow-GRPO-Fast,https://wandb.ai/vanzl3386-chinese-university-of-hong-kong-shenzhen/flow-grpo-algo/runs/ontwcush,15,25.451778186862224,weighted,0.17953816056251526,0.1739408120439495
ontwcush,Flow-GRPO-Fast,https://wandb.ai/vanzl3386-chinese-university-of-hong-kong-shenzhen/flow-grpo-algo/runs/ontwcush,16,25.746815602275557,weighted,0.17953816056251526,0.17440536933976478
ontwcush,Flow-GRPO-Fast,https://wandb.ai/vanzl3386-chinese-university-of-hong-kong-shenzhen/flow-grpo-algo/runs/ontwcush,17,27.647453615848885,weighted,0.32031071186065674,0.18651492284383636
ontwcush,Flow-GRPO-Fast,https://wandb.ai/vanzl3386-chinese-university-of-hong-kong-shenzhen/flow-grpo-algo/runs/ontwcush,18,27.942422034453333,weighted,0.32031071186065674,0.19761943236847332
ontwcush,Flow-GRPO-Fast,https://wandb.ai/vanzl3386-chinese-university-of-hong-kong-shenzhen/flow-grpo-algo/runs/ontwcush,19,29.845590780426665,weighted,0.27128320932388306,0.20373322801804525
ontwcush,Flow-GRPO-Fast,https://wandb.ai/vanzl3386-chinese-university-of-hong-kong-shenzhen/flow-grpo-algo/runs/ontwcush,20,30.140244334586665,weighted,0.27128320932388306,0.20933960334802984
ontwcush,Flow-GRPO-Fast,https://wandb.ai/vanzl3386-chinese-university-of-hong-kong-shenzhen/flow-grpo-algo/runs/ontwcush,21,35.052939027297775,weighted,0.329303503036499,0.21929612198357318
ontwcush,Flow-GRPO-Fast,https://wandb.ai/vanzl3386-chinese-university-of-hong-kong-shenzhen/flow-grpo-algo/runs/ontwcush,22,35.348135169706666,weighted,0.329303503036499,0.22842628982860907
ontwcush,Flow-GRPO-Fast,https://wandb.ai/vanzl3386-chinese-university-of-hong-kong-shenzhen/flow-grpo-algo/runs/ontwcush,23,37.25912459225778,weighted,0.35899874567985535,0.23926327573309908
ontwcush,Flow-GRPO-Fast,https://wandb.ai/vanzl3386-chinese-university-of-hong-kong-shenzhen/flow-grpo-algo/runs/ontwcush,24,37.553282376017776,weighted,0.35899874567985535,0.24920083562366843
ontwcush,Flow-GRPO-Fast,https://wandb.ai/vanzl3386-chinese-university-of-hong-kong-shenzhen/flow-grpo-algo/runs/ontwcush,25,39.45597184332444,weighted,0.28246742486953735,0.2519618280274465
ontwcush,Flow-GRPO-Fast,https://wandb.ai/vanzl3386-chinese-university-of-hong-kong-shenzhen/flow-grpo-algo/runs/ontwcush,26,39.750472514222224,weighted,0.28246742486953735,0.25449366922496836
ontwcush,Flow-GRPO-Fast,https://wandb.ai/vanzl3386-chinese-university-of-hong-kong-shenzhen/flow-grpo-algo/runs/ontwcush,27,41.66357593738666,weighted,0.5142755508422852,0.2760545150478884
ontwcush,Flow-GRPO-Fast,https://wandb.ai/vanzl3386-chinese-university-of-hong-kong-shenzhen/flow-grpo-algo/runs/ontwcush,28,41.95832488888889,weighted,0.5142755508422852,0.29582589784241864
ontwcush,Flow-GRPO-Fast,https://wandb.ai/vanzl3386-chinese-university-of-hong-kong-shenzhen/flow-grpo-algo/runs/ontwcush,29,43.86371694000889,weighted,0.5279629230499268,0.31509233235713713
ontwcush,Flow-GRPO-Fast,https://wandb.ai/vanzl3386-chinese-university-of-hong-kong-shenzhen/flow-grpo-algo/runs/ontwcush,30,44.15838213350222,weighted,0.5279629230499268,0.332759730705272
ontwcush,Flow-GRPO-Fast,https://wandb.ai/vanzl3386-chinese-university-of-hong-kong-shenzhen/flow-grpo-algo/runs/ontwcush,31,46.075277666675554,weighted,0.36911740899086,0.3357772710014411
ontwcush,Flow-GRPO-Fast,https://wandb.ai/vanzl3386-chinese-university-of-hong-kong-shenzhen/flow-grpo-algo/runs/ontwcush,32,46.36996591927111,weighted,0.36911740899086,0.3385443676535612
ontwcush,Flow-GRPO-Fast,https://wandb.ai/vanzl3386-chinese-university-of-hong-kong-shenzhen/flow-grpo-algo/runs/ontwcush,33,48.27573807235556,weighted,0.35947340726852417,0.3402813933212124
ontwcush,Flow-GRPO-Fast,https://wandb.ai/vanzl3386-chinese-university-of-hong-kong-shenzhen/flow-grpo-algo/runs/ontwcush,34,48.570108303653335,weighted,0.35947340726852417,0.3418742528815988
ontwcush,Flow-GRPO-Fast,https://wandb.ai/vanzl3386-chinese-university-of-hong-kong-shenzhen/flow-grpo-algo/runs/ontwcush,35,50.47823353662222,weighted,0.33115124702453613,0.34098428675076997
ontwcush,Flow-GRPO-Fast,https://wandb.ai/vanzl3386-chinese-university-of-hong-kong-shenzhen/flow-grpo-algo/runs/ontwcush,36,50.77309960672889,weighted,0.33115124702453613,0.3401681842104847
ontwcush,Flow-GRPO-Fast,https://wandb.ai/vanzl3386-chinese-university-of-hong-kong-shenzhen/flow-grpo-algo/runs/ontwcush,37,52.68390460548444,weighted,0.41334378719329834,0.3462414633941185
ontwcush,Flow-GRPO-Fast,https://wandb.ai/vanzl3386-chinese-university-of-hong-kong-shenzhen/flow-grpo-algo/runs/ontwcush,38,52.97901258853334,weighted,0.41334378719329834,0.3518106849610214
ontwcush,Flow-GRPO-Fast,https://wandb.ai/vanzl3386-chinese-university-of-hong-kong-shenzhen/flow-grpo-algo/runs/ontwcush,39,54.883451451119996,weighted,0.5507776737213135,0.36832414056386725
ontwcush,Flow-GRPO-Fast,https://wandb.ai/vanzl3386-chinese-university-of-hong-kong-shenzhen/flow-grpo-algo/runs/ontwcush,40,55.177789984213334,weighted,0.5507776737213135,0.3834670461189577
ontwcush,Flow-GRPO-Fast,https://wandb.ai/vanzl3386-chinese-university-of-hong-kong-shenzhen/flow-grpo-algo/runs/ontwcush,41,60.11290220937778,weighted,0.6211751699447632,0.40319585929390295
ontwcush,Flow-GRPO-Fast,https://wandb.ai/vanzl3386-chinese-university-of-hong-kong-shenzhen/flow-grpo-algo/runs/ontwcush,42,60.40771474965333,weighted,0.6211751699447632,0.4212872607429573
ontwcush,Flow-GRPO-Fast,https://wandb.ai/vanzl3386-chinese-university-of-hong-kong-shenzhen/flow-grpo-algo/runs/ontwcush,43,62.315168090248896,weighted,0.4833817780017853,0.4264408546145978
ontwcush,Flow-GRPO-Fast,https://wandb.ai/vanzl3386-chinese-university-of-hong-kong-shenzhen/flow-grpo-algo/runs/ontwcush,44,62.610372644933335,weighted,0.4833817780017853,0.43116672103192694
ontwcush,Flow-GRPO-Fast,https://wandb.ai/vanzl3386-chinese-university-of-hong-kong-shenzhen/flow-grpo-algo/runs/ontwcush,45,64.5106212564089,weighted,0.6014641523361206,0.44530071928280524
ontwcush,Flow-GRPO-Fast,https://wandb.ai/vanzl3386-chinese-university-of-hong-kong-shenzhen/flow-grpo-algo/runs/ontwcush,46,64.80526054184888,weighted,0.6014641523361206,0.4582616528255084
ontwcush,Flow-GRPO-Fast,https://wandb.ai/vanzl3386-chinese-university-of-hong-kong-shenzhen/flow-grpo-algo/runs/ontwcush,47,66.70462223325333,weighted,0.5341030955314636,0.46455618592762726
ontwcush,Flow-GRPO-Fast,https://wandb.ai/vanzl3386-chinese-university-of-hong-kong-shenzhen/flow-grpo-algo/runs/ontwcush,48,66.99929195357333,weighted,0.5341030955314636,0.4703282982323559
ontwcush,Flow-GRPO-Fast,https://wandb.ai/vanzl3386-chinese-university-of-hong-kong-shenzhen/flow-grpo-algo/runs/ontwcush,49,68.91201745239111,weighted,0.5491003394126892,0.4768660591588387
ontwcush,Flow-GRPO-Fast,https://wandb.ai/vanzl3386-chinese-university-of-hong-kong-shenzhen/flow-grpo-algo/runs/ontwcush,50,69.20689829036445,weighted,0.5491003394126892,0.4828612123619289
ontwcush,Flow-GRPO-Fast,https://wandb.ai/vanzl3386-chinese-university-of-hong-kong-shenzhen/flow-grpo-algo/runs/ontwcush,51,71.11917114943111,weighted,0.37332454323768616,0.473770111703789
ontwcush,Flow-GRPO-Fast,https://wandb.ai/vanzl3386-chinese-university-of-hong-kong-shenzhen/flow-grpo-algo/runs/ontwcush,52,71.41374556651556,weighted,0.37332454323768616,0.46543353564309414
ontwcush,Flow-GRPO-Fast,https://wandb.ai/vanzl3386-chinese-university-of-hong-kong-shenzhen/flow-grpo-algo/runs/ontwcush,53,73.32376617242666,weighted,0.6198930740356445,0.4782530528181487
ontwcush,Flow-GRPO-Fast,https://wandb.ai/vanzl3386-chinese-university-of-hong-kong-shenzhen/flow-grpo-algo/runs/ontwcush,54,73.61873762539555,weighted,0.6198930740356445,0.4900086018996055
ontwcush,Flow-GRPO-Fast,https://wandb.ai/vanzl3386-chinese-university-of-hong-kong-shenzhen/flow-grpo-algo/runs/ontwcush,55,75.52314193596445,weighted,0.5848482847213745,0.4978799121175637
ontwcush,Flow-GRPO-Fast,https://wandb.ai/vanzl3386-chinese-university-of-hong-kong-shenzhen/flow-grpo-algo/runs/ontwcush,56,75.81779116249777,weighted,0.5848482847213745,0.5050979354127496
ontwcush,Flow-GRPO-Fast,https://wandb.ai/vanzl3386-chinese-university-of-hong-kong-shenzhen/flow-grpo-algo/runs/ontwcush,57,77.7235461776,weighted,0.6516696810722351,0.5172627976829202
ontwcush,Flow-GRPO-Fast,https://wandb.ai/vanzl3386-chinese-university-of-hong-kong-shenzhen/flow-grpo-algo/runs/ontwcush,58,78.01780454178667,weighted,0.6516696810722351,0.5284180255696945
ontwcush,Flow-GRPO-Fast,https://wandb.ai/vanzl3386-chinese-university-of-hong-kong-shenzhen/flow-grpo-algo/runs/ontwcush,59,79.92781407736,weighted,0.31301993131637573,0.5105408546452499
ontwcush,Flow-GRPO-Fast,https://wandb.ai/vanzl3386-chinese-university-of-hong-kong-shenzhen/flow-grpo-algo/runs/ontwcush,60,80.22212123254222,weighted,0.31301993131637573,0.4941474166264732
ontwcush,Flow-GRPO-Fast,https://wandb.ai/vanzl3386-chinese-university-of-hong-kong-shenzhen/flow-grpo-algo/runs/ontwcush,61,85.14376896424001,weighted,0.7710496187210083,0.5171291798280426
ontwcush,Flow-GRPO-Fast,https://wandb.ai/vanzl3386-chinese-university-of-hong-kong-shenzhen/flow-grpo-algo/runs/ontwcush,62,85.43819806963556,weighted,0.7710496187210083,0.5382035496038541
ontwcush,Flow-GRPO-Fast,https://wandb.ai/vanzl3386-chinese-university-of-hong-kong-shenzhen/flow-grpo-algo/runs/ontwcush,63,87.34267644432889,weighted,0.5917179584503174,0.5426450291684027
ontwcush,Flow-GRPO-Fast,https://wandb.ai/vanzl3386-chinese-university-of-hong-kong-shenzhen/flow-grpo-algo/runs/ontwcush,64,87.63722793352,weighted,0.5917179584503174,0.5467178838869048
ontwcush,Flow-GRPO-Fast,https://wandb.ai/vanzl3386-chinese-university-of-hong-kong-shenzhen/flow-grpo-algo/runs/ontwcush,65,89.54000638649778,weighted,0.6497989296913147,0.5552731939109049
ontwcush,Flow-GRPO-Fast,https://wandb.ai/vanzl3386-chinese-university-of-hong-kong-shenzhen/flow-grpo-algo/runs/ontwcush,66,89.83460650752889,weighted,0.6497989296913147,0.5631184477937824
ontwcush,Flow-GRPO-Fast,https://wandb.ai/vanzl3386-chinese-university-of-hong-kong-shenzhen/flow-grpo-algo/runs/ontwcush,67,91.7385841228711,weighted,0.8760395646095276,0.5890896352853681
ontwcush,Flow-GRPO-Fast,https://wandb.ai/vanzl3386-chinese-university-of-hong-kong-shenzhen/flow-grpo-algo/runs/ontwcush,68,92.03321420838222,weighted,0.8760395646095276,0.6129053192219787
ontwcush,Flow-GRPO-Fast,https://wandb.ai/vanzl3386-chinese-university-of-hong-kong-shenzhen/flow-grpo-algo/runs/ontwcush,69,93.94232010498668,weighted,0.6178260445594788,0.6133137195294915
ontwcush,Flow-GRPO-Fast,https://wandb.ai/vanzl3386-chinese-university-of-hong-kong-shenzhen/flow-grpo-algo/runs/ontwcush,70,94.23694296550222,weighted,0.6178260445594788,0.6136882242627268
ontwcush,Flow-GRPO-Fast,https://wandb.ai/vanzl3386-chinese-university-of-hong-kong-shenzhen/flow-grpo-algo/runs/ontwcush,71,96.1458232312089,weighted,0.5667510628700256,0.6097926296436829
ontwcush,Flow-GRPO-Fast,https://wandb.ai/vanzl3386-chinese-university-of-hong-kong-shenzhen/flow-grpo-algo/runs/ontwcush,72,96.4402304530311,weighted,0.5667510628700256,0.6062203536273332
ontwcush,Flow-GRPO-Fast,https://wandb.ai/vanzl3386-chinese-university-of-hong-kong-shenzhen/flow-grpo-algo/runs/ontwcush,73,98.34614963126222,weighted,0.5017240047454834,0.5975475791702656
ontwcush,Flow-GRPO-Fast,https://wandb.ai/vanzl3386-chinese-university-of-hong-kong-shenzhen/flow-grpo-algo/runs/ontwcush,74,98.64062219572445,weighted,0.5017240047454834,0.5895946099273324
ontwcush,Flow-GRPO-Fast,https://wandb.ai/vanzl3386-chinese-university-of-hong-kong-shenzhen/flow-grpo-algo/runs/ontwcush,75,100.55175191053333,weighted,0.5598911643028259,0.5871293440376084
ontwcush,Flow-GRPO-Fast,https://wandb.ai/vanzl3386-chinese-university-of-hong-kong-shenzhen/flow-grpo-algo/runs/ontwcush,76,100.84624354967112,weighted,0.5598911643028259,0.584868685249157
ontwcush,Flow-GRPO-Fast,https://wandb.ai/vanzl3386-chinese-university-of-hong-kong-shenzhen/flow-grpo-algo/runs/ontwcush,77,102.74732086996444,weighted,0.8300557136535645,0.6052182172653844
ontwcush,Flow-GRPO-Fast,https://wandb.ai/vanzl3386-chinese-university-of-hong-kong-shenzhen/flow-grpo-algo/runs/ontwcush,78,103.04210792022222,weighted,0.8300557136535645,0.6238788204015877
ontwcush,Flow-GRPO-Fast,https://wandb.ai/vanzl3386-chinese-university-of-hong-kong-shenzhen/flow-grpo-algo/runs/ontwcush,79,104.95220318676445,weighted,0.8872097730636597,0.6457342247716018
ontwcush,Flow-GRPO-Fast,https://wandb.ai/vanzl3386-chinese-university-of-hong-kong-shenzhen/flow-grpo-algo/runs/ontwcush,80,105.24658707583112,weighted,0.8872097730636597,0.6657757189447777
ontwcush,Flow-GRPO-Fast,https://wandb.ai/vanzl3386-chinese-university-of-hong-kong-shenzhen/flow-grpo-algo/runs/ontwcush,81,107.15943303136,weighted,0.7908251285552979,0.6761543143420938
ontwcush,Flow-GRPO-Fast,https://wandb.ai/vanzl3386-chinese-university-of-hong-kong-shenzhen/flow-grpo-algo/runs/ontwcush,82,107.45429581836444,weighted,0.7908251285552979,0.6856715282842181
ontwcush,Flow-GRPO-Fast,https://wandb.ai/vanzl3386-chinese-university-of-hong-kong-shenzhen/flow-grpo-algo/runs/ontwcush,83,109.37029505751111,weighted,0.7796781063079834,0.6934736941723553
ontwcush,Flow-GRPO-Fast,https://wandb.ai/vanzl3386-chinese-university-of-hong-kong-shenzhen/flow-grpo-algo/runs/ontwcush,84,109.66499797752888,weighted,0.7796781063079834,0.7006283118375306
ontwcush,Flow-GRPO-Fast,https://wandb.ai/vanzl3386-chinese-university-of-hong-kong-shenzhen/flow-grpo-algo/runs/ontwcush,85,111.57258363067555,weighted,0.7680355906486511,0.706222843437429
ontwcush,Flow-GRPO-Fast,https://wandb.ai/vanzl3386-chinese-university-of-hong-kong-shenzhen/flow-grpo-algo/runs/ontwcush,86,111.86718652826666,weighted,0.7680355906486511,0.7113530515343722
ontwcush,Flow-GRPO-Fast,https://wandb.ai/vanzl3386-chinese-university-of-hong-kong-shenzhen/flow-grpo-algo/runs/ontwcush,87,113.77754445715556,weighted,0.7126089930534363,0.7114572896024259
ontwcush,Flow-GRPO-Fast,https://wandb.ai/vanzl3386-chinese-university-of-hong-kong-shenzhen/flow-grpo-algo/runs/ontwcush,88,114.07245325364444,weighted,0.7126089930534363,0.711552876332287
ontwcush,Flow-GRPO-Fast,https://wandb.ai/vanzl3386-chinese-university-of-hong-kong-shenzhen/flow-grpo-algo/runs/ontwcush,89,115.98836701117332,weighted,0.6946308016777039,0.7101484125553679
ontwcush,Flow-GRPO-Fast,https://wandb.ai/vanzl3386-chinese-university-of-hong-kong-shenzhen/flow-grpo-algo/runs/ontwcush,90,116.28251660703111,weighted,0.6946308016777039,0.7088605135933985
ontwcush,Flow-GRPO-Fast,https://wandb.ai/vanzl3386-chinese-university-of-hong-kong-shenzhen/flow-grpo-algo/runs/ontwcush,91,118.20110417321777,weighted,0.7688781023025513,0.7138417307928632
ontwcush,Flow-GRPO-Fast,https://wandb.ai/vanzl3386-chinese-university-of-hong-kong-shenzhen/flow-grpo-algo/runs/ontwcush,92,118.49543212751111,weighted,0.7688781023025513,0.718409527104853
ontwcush,Flow-GRPO-Fast,https://wandb.ai/vanzl3386-chinese-university-of-hong-kong-shenzhen/flow-grpo-algo/runs/ontwcush,93,120.40362395405333,weighted,0.7616021037101746,0.7219943363266672
ontwcush,Flow-GRPO-Fast,https://wandb.ai/vanzl3386-chinese-university-of-hong-kong-shenzhen/flow-grpo-algo/runs/ontwcush,94,120.6980389529689,weighted,0.7616021037101746,0.7252816208771883
ontwcush,Flow-GRPO-Fast,https://wandb.ai/vanzl3386-chinese-university-of-hong-kong-shenzhen/flow-grpo-algo/runs/ontwcush,95,122.60231232843556,weighted,1.0103139877319336,0.748938154881935
ontwcush,Flow-GRPO-Fast,https://wandb.ai/vanzl3386-chinese-university-of-hong-kong-shenzhen/flow-grpo-algo/runs/ontwcush,96,122.89668100212445,weighted,1.0103139877319336,0.7706312922124966
ontwcush,Flow-GRPO-Fast,https://wandb.ai/vanzl3386-chinese-university-of-hong-kong-shenzhen/flow-grpo-algo/runs/ontwcush,97,124.79836428796445,weighted,0.8334834575653076,0.7758477678126113
ontwcush,Flow-GRPO-Fast,https://wandb.ai/vanzl3386-chinese-university-of-hong-kong-shenzhen/flow-grpo-algo/runs/ontwcush,98,125.09231825564444,weighted,0.8334834575653076,0.7806312970291951
ontwcush,Flow-GRPO-Fast,https://wandb.ai/vanzl3386-chinese-university-of-hong-kong-shenzhen/flow-grpo-algo/runs/ontwcush,99,126.99586358967112,weighted,0.8578928709030151,0.7870436952763658
ontwcush,Flow-GRPO-Fast,https://wandb.ai/vanzl3386-chinese-university-of-hong-kong-shenzhen/flow-grpo-algo/runs/ontwcush,100,127.29058621252445,weighted,0.8578928709030151,0.7929238903956598
ontwcush,Flow-GRPO-Fast,https://wandb.ai/vanzl3386-chinese-university-of-hong-kong-shenzhen/flow-grpo-algo/runs/ontwcush,101,132.21139655283557,weighted,0.7594114542007446,0.7901424936891204
ontwcush,Flow-GRPO-Fast,https://wandb.ai/vanzl3386-chinese-university-of-hong-kong-shenzhen/flow-grpo-algo/runs/ontwcush,102,132.50580972666666,weighted,0.7594114542007446,0.7875919416634676
ontwcush,Flow-GRPO-Fast,https://wandb.ai/vanzl3386-chinese-university-of-hong-kong-shenzhen/flow-grpo-algo/runs/ontwcush,103,134.4147473883911,weighted,0.8338627219200134,0.791432229342526
ontwcush,Flow-GRPO-Fast,https://wandb.ai/vanzl3386-chinese-university-of-hong-kong-shenzhen/flow-grpo-algo/runs/ontwcush,104,134.70902349627556,weighted,0.8338627219200134,0.7949537886712917
ontwcush,Flow-GRPO-Fast,https://wandb.ai/vanzl3386-chinese-university-of-hong-kong-shenzhen/flow-grpo-algo/runs/ontwcush,105,136.6128015599289,weighted,0.8537970781326294,0.7998375437811199
ontwcush,Flow-GRPO-Fast,https://wandb.ai/vanzl3386-chinese-university-of-hong-kong-shenzhen/flow-grpo-algo/runs/ontwcush,106,136.90731946857778,weighted,0.8537970781326294,0.8043159669628539
ontwcush,Flow-GRPO-Fast,https://wandb.ai/vanzl3386-chinese-university-of-hong-kong-shenzhen/flow-grpo-algo/runs/ontwcush,107,138.81973046059557,weighted,0.9245989322662354,0.8142989667543873
ontwcush,Flow-GRPO-Fast,https://wandb.ai/vanzl3386-chinese-university-of-hong-kong-shenzhen/flow-grpo-algo/runs/ontwcush,108,139.11401031976888,weighted,0.9245989322662354,0.8234534179265348
ontwcush,Flow-GRPO-Fast,https://wandb.ai/vanzl3386-chinese-university-of-hong-kong-shenzhen/flow-grpo-algo/runs/ontwcush,109,141.0182554823289,weighted,0.8657689094543457,0.8269654326331501
ontwcush,Flow-GRPO-Fast,https://wandb.ai/vanzl3386-chinese-university-of-hong-kong-shenzhen/flow-grpo-algo/runs/ontwcush,110,141.3128856119022,weighted,0.8657689094543457,0.8301859643189107
ontwcush,Flow-GRPO-Fast,https://wandb.ai/vanzl3386-chinese-university-of-hong-kong-shenzhen/flow-grpo-algo/runs/ontwcush,111,143.23572791042668,weighted,1.0398248434066772,0.8475851436703
ontwcush,Flow-GRPO-Fast,https://wandb.ai/vanzl3386-chinese-university-of-hong-kong-shenzhen/flow-grpo-algo/runs/ontwcush,112,143.53056166757332,weighted,1.0398248434066772,0.8635402614839673
ontwcush,Flow-GRPO-Fast,https://wandb.ai/vanzl3386-chinese-university-of-hong-kong-shenzhen/flow-grpo-algo/runs/ontwcush,113,145.44658079620444,weighted,0.9808068871498108,0.8732729172812637
ontwcush,Flow-GRPO-Fast,https://wandb.ai/vanzl3386-chinese-university-of-hong-kong-shenzhen/flow-grpo-algo/runs/ontwcush,114,145.74130744328886,weighted,0.9808068871498108,0.8821978019985037
ontwcush,Flow-GRPO-Fast,https://wandb.ai/vanzl3386-chinese-university-of-hong-kong-shenzhen/flow-grpo-algo/runs/ontwcush,115,147.65355199842665,weighted,1.0316396951675415,0.8946008749073733
ontwcush,Flow-GRPO-Fast,https://wandb.ai/vanzl3386-chinese-university-of-hong-kong-shenzhen/flow-grpo-algo/runs/ontwcush,116,147.9485623741689,weighted,1.0316396951675415,0.905974542912969
ontwcush,Flow-GRPO-Fast,https://wandb.ai/vanzl3386-chinese-university-of-hong-kong-shenzhen/flow-grpo-algo/runs/ontwcush,117,149.85309343468444,weighted,0.9952827095985413,0.9133867596566747
ontwcush,Flow-GRPO-Fast,https://wandb.ai/vanzl3386-chinese-university-of-hong-kong-shenzhen/flow-grpo-algo/runs/ontwcush,118,150.14771354692445,weighted,0.9952827095985413,0.9201837923797623
ontwcush,Flow-GRPO-Fast,https://wandb.ai/vanzl3386-chinese-university-of-hong-kong-shenzhen/flow-grpo-algo/runs/ontwcush,119,152.05798433812444,weighted,0.933474600315094,0.9212868757009381
ontwcush,Flow-GRPO-Fast,https://wandb.ai/vanzl3386-chinese-university-of-hong-kong-shenzhen/flow-grpo-algo/runs/ontwcush,120,152.35252274952,weighted,0.933474600315094,0.922298407566448
ontwcush,Flow-GRPO-Fast,https://wandb.ai/vanzl3386-chinese-university-of-hong-kong-shenzhen/flow-grpo-algo/runs/ontwcush,121,154.26798500168888,weighted,1.0934056043624878,0.9364996130791019
ontwcush,Flow-GRPO-Fast,https://wandb.ai/vanzl3386-chinese-university-of-hong-kong-shenzhen/flow-grpo-algo/runs/ontwcush,122,154.56254846692445,weighted,1.0934056043624878,0.949522175952586
ontwcush,Flow-GRPO-Fast,https://wandb.ai/vanzl3386-chinese-university-of-hong-kong-shenzhen/flow-grpo-algo/runs/ontwcush,123,156.47766654507555,weighted,0.9586461186408997,0.9502794263057484
ontwcush,Flow-GRPO-Fast,https://wandb.ai/vanzl3386-chinese-university-of-hong-kong-shenzhen/flow-grpo-algo/runs/ontwcush,124,156.77212014690664,weighted,0.9586461186408997,0.9509738279413164
ontwcush,Flow-GRPO-Fast,https://wandb.ai/vanzl3386-chinese-university-of-hong-kong-shenzhen/flow-grpo-algo/runs/ontwcush,125,158.68169595109333,weighted,0.9878597259521484,0.9540352083389803
ontwcush,Flow-GRPO-Fast,https://wandb.ai/vanzl3386-chinese-university-of-hong-kong-shenzhen/flow-grpo-algo/runs/ontwcush,126,158.9763503108711,weighted,0.9878597259521484,0.9568425065414256
ontwcush,Flow-GRPO-Fast,https://wandb.ai/vanzl3386-chinese-university-of-hong-kong-shenzhen/flow-grpo-algo/runs/ontwcush,127,160.88539886824,weighted,0.9820479154586792,0.9589344535709305
ontwcush,Flow-GRPO-Fast,https://wandb.ai/vanzl3386-chinese-university-of-hong-kong-shenzhen/flow-grpo-algo/runs/ontwcush,128,161.18066419971558,weighted,0.9820479154586792,0.9608527774551566
ontwcush,Flow-GRPO-Fast,https://wandb.ai/vanzl3386-chinese-university-of-hong-kong-shenzhen/flow-grpo-algo/runs/ontwcush,129,163.0905329355911,weighted,0.9738349914550781,0.9619302487274017
ontwcush,Flow-GRPO-Fast,https://wandb.ai/vanzl3386-chinese-university-of-hong-kong-shenzhen/flow-grpo-algo/runs/ontwcush,130,163.3848115639378,weighted,0.9738349914550781,0.9629182942404875
ontwcush,Flow-GRPO-Fast,https://wandb.ai/vanzl3386-chinese-university-of-hong-kong-shenzhen/flow-grpo-algo/runs/ontwcush,131,165.30016551418666,weighted,0.8427955508232117,0.9529485922176908
ontwcush,Flow-GRPO-Fast,https://wandb.ai/vanzl3386-chinese-university-of-hong-kong-shenzhen/flow-grpo-algo/runs/ontwcush,132,165.59497341775113,weighted,0.8427955508232117,0.9438063351532406
ontwcush,Flow-GRPO-Fast,https://wandb.ai/vanzl3386-chinese-university-of-hong-kong-shenzhen/flow-grpo-algo/runs/ontwcush,133,167.51428604528002,weighted,0.9008010029792786,0.9402370664621618
ontwcush,Flow-GRPO-Fast,https://wandb.ai/vanzl3386-chinese-university-of-hong-kong-shenzhen/flow-grpo-algo/runs/ontwcush,134,167.80894816808,weighted,0.9008010029792786,0.9369640326411586
ontwcush,Flow-GRPO-Fast,https://wandb.ai/vanzl3386-chinese-university-of-hong-kong-shenzhen/flow-grpo-algo/runs/ontwcush,135,169.71424286358223,weighted,1.0783915519714355,0.9487019449251648
ontwcush,Flow-GRPO-Fast,https://wandb.ai/vanzl3386-chinese-university-of-hong-kong-shenzhen/flow-grpo-algo/runs/ontwcush,136,170.0090250494578,weighted,1.0783915519714355,0.9594656579483803
ontwcush,Flow-GRPO-Fast,https://wandb.ai/vanzl3386-chinese-university-of-hong-kong-shenzhen/flow-grpo-algo/runs/ontwcush,137,171.91450461686225,weighted,0.995404839515686,0.9624484647089999
ontwcush,Flow-GRPO-Fast,https://wandb.ai/vanzl3386-chinese-university-of-hong-kong-shenzhen/flow-grpo-algo/runs/ontwcush,138,172.20848468689778,weighted,0.995404839515686,0.9651837105685863
ontwcush,Flow-GRPO-Fast,https://wandb.ai/vanzl3386-chinese-university-of-hong-kong-shenzhen/flow-grpo-algo/runs/ontwcush,139,174.11393014773333,weighted,1.0293266773223877,0.970507317466009
ontwcush,Flow-GRPO-Fast,https://wandb.ai/vanzl3386-chinese-university-of-hong-kong-shenzhen/flow-grpo-algo/runs/ontwcush,140,174.40830803596444,weighted,1.0293266773223877,0.975389086515378
ontwcush,Flow-GRPO-Fast,https://wandb.ai/vanzl3386-chinese-university-of-hong-kong-shenzhen/flow-grpo-algo/runs/ontwcush,141,176.32072632963556,weighted,1.2161951065063477,0.9953750125466037
ontwcush,Flow-GRPO-Fast,https://wandb.ai/vanzl3386-chinese-university-of-hong-kong-shenzhen/flow-grpo-algo/runs/ontwcush,142,176.61528401388443,weighted,1.2161951065063477,1.013702187524427
ontwcush,Flow-GRPO-Fast,https://wandb.ai/vanzl3386-chinese-university-of-hong-kong-shenzhen/flow-grpo-algo/runs/ontwcush,143,178.52498186813335,weighted,1.2411638498306274,1.032580585821786
ontwcush,Flow-GRPO-Fast,https://wandb.ai/vanzl3386-chinese-university-of-hong-kong-shenzhen/flow-grpo-algo/runs/ontwcush,144,178.8192864157689,weighted,1.2411638498306274,1.0498921533896923
ontwcush,Flow-GRPO-Fast,https://wandb.ai/vanzl3386-chinese-university-of-hong-kong-shenzhen/flow-grpo-algo/runs/ontwcush,145,180.7276854472889,weighted,0.9861443638801575,1.0446013446057614
ontwcush,Flow-GRPO-Fast,https://wandb.ai/vanzl3386-chinese-university-of-hong-kong-shenzhen/flow-grpo-algo/runs/ontwcush,146,181.02227268186667,weighted,0.9861443638801575,1.0397496515590738
ontwcush,Flow-GRPO-Fast,https://wandb.ai/vanzl3386-chinese-university-of-hong-kong-shenzhen/flow-grpo-algo/runs/ontwcush,147,182.92500465281776,weighted,1.1988393068313599,1.0529534497146362
ontwcush,Flow-GRPO-Fast,https://wandb.ai/vanzl3386-chinese-university-of-hong-kong-shenzhen/flow-grpo-algo/runs/ontwcush,148,183.2196299229689,weighted,1.1988393068313599,1.0650613860089453
ontwcush,Flow-GRPO-Fast,https://wandb.ai/vanzl3386-chinese-university-of-hong-kong-shenzhen/flow-grpo-algo/runs/ontwcush,149,185.12879468650667,weighted,1.192707896232605,1.0756555302565427
ontwcush,Flow-GRPO-Fast,https://wandb.ai/vanzl3386-chinese-university-of-hong-kong-shenzhen/flow-grpo-algo/runs/ontwcush,150,185.42325605521776,weighted,1.192707896232605,1.0853704033658829
ontwcush,Flow-GRPO-Fast,https://wandb.ai/vanzl3386-chinese-university-of-hong-kong-shenzhen/flow-grpo-algo/runs/ontwcush,151,187.33678974226666,weighted,1.049422025680542,1.082386833364648
ontwcush,Flow-GRPO-Fast,https://wandb.ai/vanzl3386-chinese-university-of-hong-kong-shenzhen/flow-grpo-algo/runs/ontwcush,152,187.6319100623911,weighted,1.049422025680542,1.0796508876103317
ontwcush,Flow-GRPO-Fast,https://wandb.ai/vanzl3386-chinese-university-of-hong-kong-shenzhen/flow-grpo-algo/runs/ontwcush,153,189.54053880427557,weighted,0.9941086769104004,1.0725512299869033
ontwcush,Flow-GRPO-Fast,https://wandb.ai/vanzl3386-chinese-university-of-hong-kong-shenzhen/flow-grpo-algo/runs/ontwcush,154,189.83508883126223,weighted,0.9941086769104004,1.0660408152408505
ontwcush,Flow-GRPO-Fast,https://wandb.ai/vanzl3386-chinese-university-of-hong-kong-shenzhen/flow-grpo-algo/runs/ontwcush,155,191.7459936237422,weighted,1.0655884742736816,1.0660032727694826
ontwcush,Flow-GRPO-Fast,https://wandb.ai/vanzl3386-chinese-university-of-hong-kong-shenzhen/flow-grpo-algo/runs/ontwcush,156,192.04049010144,weighted,1.0655884742736816,1.0659688461714463
ontwcush,Flow-GRPO-Fast,https://wandb.ai/vanzl3386-chinese-university-of-hong-kong-shenzhen/flow-grpo-algo/runs/ontwcush,157,193.95220946045333,weighted,0.9344401359558105,1.055052495021044
ontwcush,Flow-GRPO-Fast,https://wandb.ai/vanzl3386-chinese-university-of-hong-kong-shenzhen/flow-grpo-algo/runs/ontwcush,158,194.24726007509332,weighted,0.9344401359558105,1.0450421568790833
ontwcush,Flow-GRPO-Fast,https://wandb.ai/vanzl3386-chinese-university-of-hong-kong-shenzhen/flow-grpo-algo/runs/ontwcush,159,196.1483364300711,weighted,1.2659367322921753,1.063375513516391
ontwcush,Flow-GRPO-Fast,https://wandb.ai/vanzl3386-chinese-university-of-hong-kong-shenzhen/flow-grpo-algo/runs/ontwcush,160,196.4428997706578,weighted,1.2659367322921753,1.080187275678315
ontwcush,Flow-GRPO-Fast,https://wandb.ai/vanzl3386-chinese-university-of-hong-kong-shenzhen/flow-grpo-algo/runs/ontwcush,161,198.35475128958223,weighted,1.0660618543624878,1.0790149228210708
ontwcush,Flow-GRPO-Fast,https://wandb.ai/vanzl3386-chinese-university-of-hong-kong-shenzhen/flow-grpo-algo/runs/ontwcush,162,198.64901208347555,weighted,1.0660618543624878,1.0779398705109153
ontwcush,Flow-GRPO-Fast,https://wandb.ai/vanzl3386-chinese-university-of-hong-kong-shenzhen/flow-grpo-algo/runs/ontwcush,163,200.55368130544,weighted,1.2332333326339722,1.0908285999838776
ontwcush,Flow-GRPO-Fast,https://wandb.ai/vanzl3386-chinese-university-of-hong-kong-shenzhen/flow-grpo-algo/runs/ontwcush,164,200.84809295755556,weighted,1.2332333326339722,1.1026476170223554
ontwcush,Flow-GRPO-Fast,https://wandb.ai/vanzl3386-chinese-university-of-hong-kong-shenzhen/flow-grpo-algo/runs/ontwcush,165,202.75259936429333,weighted,1.1558432579040527,1.1070626401346726
ontwcush,Flow-GRPO-Fast,https://wandb.ai/vanzl3386-chinese-university-of-hong-kong-shenzhen/flow-grpo-algo/runs/ontwcush,166,203.04728024996444,weighted,1.1558432579040527,1.1111112341795095
ontwcush,Flow-GRPO-Fast,https://wandb.ai/vanzl3386-chinese-university-of-hong-kong-shenzhen/flow-grpo-algo/runs/ontwcush,167,204.95873665657777,weighted,0.9083886742591858,1.094286081354924
ontwcush,Flow-GRPO-Fast,https://wandb.ai/vanzl3386-chinese-university-of-hong-kong-shenzhen/flow-grpo-algo/runs/ontwcush,168,205.2535092099911,weighted,0.9083886742591858,1.0788573481872425
ontwcush,Flow-GRPO-Fast,https://wandb.ai/vanzl3386-chinese-university-of-hong-kong-shenzhen/flow-grpo-algo/runs/ontwcush,169,207.16132062900445,weighted,1.1441478729248047,1.0842761977575055
ontwcush,Flow-GRPO-Fast,https://wandb.ai/vanzl3386-chinese-university-of-hong-kong-shenzhen/flow-grpo-algo/runs/ontwcush,170,207.45612754898667,weighted,1.1441478729248047,1.0892453047229547
ontwcush,Flow-GRPO-Fast,https://wandb.ai/vanzl3386-chinese-university-of-hong-kong-shenzhen/flow-grpo-algo/runs/ontwcush,171,209.37878289435557,weighted,1.3012781143188477,1.1068431706273676
ontwcush,Flow-GRPO-Fast,https://wandb.ai/vanzl3386-chinese-university-of-hong-kong-shenzhen/flow-grpo-algo/runs/ontwcush,172,209.67329977881778,weighted,1.3012781143188477,1.122980484813488
ontwcush,Flow-GRPO-Fast,https://wandb.ai/vanzl3386-chinese-university-of-hong-kong-shenzhen/flow-grpo-algo/runs/ontwcush,173,211.58142444616888,weighted,1.1052409410476685,1.121508174405531
ontwcush,Flow-GRPO-Fast,https://wandb.ai/vanzl3386-chinese-university-of-hong-kong-shenzhen/flow-grpo-algo/runs/ontwcush,174,211.87594985467555,weighted,1.1052409410476685,1.1201580598085825
ontwcush,Flow-GRPO-Fast,https://wandb.ai/vanzl3386-chinese-university-of-hong-kong-shenzhen/flow-grpo-algo/runs/ontwcush,175,213.78657389953779,weighted,1.0869964361190796,1.1174057791215857
ontwcush,Flow-GRPO-Fast,https://wandb.ai/vanzl3386-chinese-university-of-hong-kong-shenzhen/flow-grpo-algo/runs/ontwcush,176,214.08140164948443,weighted,1.0869964361190796,1.1148819266035754
ontwcush,Flow-GRPO-Fast,https://wandb.ai/vanzl3386-chinese-university-of-hong-kong-shenzhen/flow-grpo-algo/runs/ontwcush,177,215.98760550297777,weighted,1.1649965047836304,1.1190412339690234
ontwcush,Flow-GRPO-Fast,https://wandb.ai/vanzl3386-chinese-university-of-hong-kong-shenzhen/flow-grpo-algo/runs/ontwcush,178,216.28285443856888,weighted,1.1649965047836304,1.1228553356400703
ontwcush,Flow-GRPO-Fast,https://wandb.ai/vanzl3386-chinese-university-of-hong-kong-shenzhen/flow-grpo-algo/runs/ontwcush,179,218.18757996339554,weighted,0.9106056690216064,1.1052394714795815
ontwcush,Flow-GRPO-Fast,https://wandb.ai/vanzl3386-chinese-university-of-hong-kong-shenzhen/flow-grpo-algo/runs/ontwcush,180,218.48217935208888,weighted,0.9106056690216064,1.089085652819869
ontwcush,Flow-GRPO-Fast,https://wandb.ai/vanzl3386-chinese-university-of-hong-kong-shenzhen/flow-grpo-algo/runs/ontwcush,181,220.4045756831111,weighted,1.117771863937378,1.0914664923583994
ontwcush,Flow-GRPO-Fast,https://wandb.ai/vanzl3386-chinese-university-of-hong-kong-shenzhen/flow-grpo-algo/runs/ontwcush,182,220.69890597394667,weighted,1.117771863937378,1.0936497318414533
ontwcush,Flow-GRPO-Fast,https://wandb.ai/vanzl3386-chinese-university-of-hong-kong-shenzhen/flow-grpo-algo/runs/ontwcush,183,222.6071059844089,weighted,1.1572803258895874,1.0989308138759333
ontwcush,Flow-GRPO-Fast,https://wandb.ai/vanzl3386-chinese-university-of-hong-kong-shenzhen/flow-grpo-algo/runs/ontwcush,184,222.90193606828444,weighted,1.1572803258895874,1.103773587454047
ontwcush,Flow-GRPO-Fast,https://wandb.ai/vanzl3386-chinese-university-of-hong-kong-shenzhen/flow-grpo-algo/runs/ontwcush,185,224.80856018748446,weighted,1.1419979333877563,1.106946053617691
ontwcush,Flow-GRPO-Fast,https://wandb.ai/vanzl3386-chinese-university-of-hong-kong-shenzhen/flow-grpo-algo/runs/ontwcush,186,225.10288750120887,weighted,1.1419979333877563,1.1098552179166823
ontwcush,Flow-GRPO-Fast,https://wandb.ai/vanzl3386-chinese-university-of-hong-kong-shenzhen/flow-grpo-algo/runs/ontwcush,187,227.01351890360888,weighted,1.1296480894088745,1.1114979462239039
ontwcush,Flow-GRPO-Fast,https://wandb.ai/vanzl3386-chinese-university-of-hong-kong-shenzhen/flow-grpo-algo/runs/ontwcush,188,227.30810973568,weighted,1.1296480894088745,1.1130043347235128
ontwcush,Flow-GRPO-Fast,https://wandb.ai/vanzl3386-chinese-university-of-hong-kong-shenzhen/flow-grpo-algo/runs/ontwcush,189,229.21636215419556,weighted,1.1747169494628906,1.118126232230149
ontwcush,Flow-GRPO-Fast,https://wandb.ai/vanzl3386-chinese-university-of-hong-kong-shenzhen/flow-grpo-algo/runs/ontwcush,190,229.51086718670223,weighted,1.1747169494628906,1.1228230329526143
ontwcush,Flow-GRPO-Fast,https://wandb.ai/vanzl3386-chinese-university-of-hong-kong-shenzhen/flow-grpo-algo/runs/ontwcush,191,231.4193121340978,weighted,1.3179376125335693,1.139016754169654
ontwcush,Flow-GRPO-Fast,https://wandb.ai/vanzl3386-chinese-university-of-hong-kong-shenzhen/flow-grpo-algo/runs/ontwcush,192,231.71372768209778,weighted,1.3179376125335693,1.1538664620002088
ontwcush,Flow-GRPO-Fast,https://wandb.ai/vanzl3386-chinese-university-of-hong-kong-shenzhen/flow-grpo-algo/runs/ontwcush,193,233.61607001704,weighted,1.2418490648269653,1.161168662303159
ontwcush,Flow-GRPO-Fast,https://wandb.ai/vanzl3386-chinese-university-of-hong-kong-shenzhen/flow-grpo-algo/runs/ontwcush,194,233.91076066562667,weighted,1.2418490648269653,1.1678648095052546
ontwcush,Flow-GRPO-Fast,https://wandb.ai/vanzl3386-chinese-university-of-hong-kong-shenzhen/flow-grpo-algo/runs/ontwcush,195,235.81183605264889,weighted,1.1440171003341675,1.1658855460652233
ontwcush,Flow-GRPO-Fast,https://wandb.ai/vanzl3386-chinese-university-of-hong-kong-shenzhen/flow-grpo-algo/runs/ontwcush,196,236.10653639880888,weighted,1.1440171003341675,1.1640705534881475
ontwcush,Flow-GRPO-Fast,https://wandb.ai/vanzl3386-chinese-university-of-hong-kong-shenzhen/flow-grpo-algo/runs/ontwcush,197,238.02081824148445,weighted,1.1040537357330322,1.1590894002747507
ontwcush,Flow-GRPO-Fast,https://wandb.ai/vanzl3386-chinese-university-of-hong-kong-shenzhen/flow-grpo-algo/runs/ontwcush,198,238.31556967367112,weighted,1.1040537357330322,1.154521662638244
ontwcush,Flow-GRPO-Fast,https://wandb.ai/vanzl3386-chinese-university-of-hong-kong-shenzhen/flow-grpo-algo/runs/ontwcush,199,240.21832469226666,weighted,1.0815460681915283,1.148464983354431
ontwcush,Flow-GRPO-Fast,https://wandb.ai/vanzl3386-chinese-university-of-hong-kong-shenzhen/flow-grpo-algo/runs/ontwcush,200,240.51344418990223,weighted,1.0815460681915283,1.1429109839627805
ontwcush,Flow-GRPO-Fast,https://wandb.ai/vanzl3386-chinese-university-of-hong-kong-shenzhen/flow-grpo-algo/runs/ontwcush,201,256.58723088795557,weighted,1.0473875999450684,1.1349829293099027
ontwcush,Flow-GRPO-Fast,https://wandb.ai/vanzl3386-chinese-university-of-hong-kong-shenzhen/flow-grpo-algo/runs/ontwcush,202,256.88166020959113,weighted,1.0473875999450684,1.1277128711384665
ontwcush,Flow-GRPO-Fast,https://wandb.ai/vanzl3386-chinese-university-of-hong-kong-shenzhen/flow-grpo-algo/runs/ontwcush,203,258.7809730735556,weighted,1.3240289688110352,1.1440063134991267
ontwcush,Flow-GRPO-Fast,https://wandb.ai/vanzl3386-chinese-university-of-hong-kong-shenzhen/flow-grpo-algo/runs/ontwcush,204,259.0758412611378,weighted,1.3240289688110352,1.1589474660215742
ontwcush,Flow-GRPO-Fast,https://wandb.ai/vanzl3386-chinese-university-of-hong-kong-shenzhen/flow-grpo-algo/runs/ontwcush,205,260.9853505448178,weighted,1.1314188241958618,1.1566627000539733
ontwcush,Flow-GRPO-Fast,https://wandb.ai/vanzl3386-chinese-university-of-hong-kong-shenzhen/flow-grpo-algo/runs/ontwcush,206,261.28010793124446,weighted,1.1314188241958618,1.154567560423907
ontwcush,Flow-GRPO-Fast,https://wandb.ai/vanzl3386-chinese-university-of-hong-kong-shenzhen/flow-grpo-algo/runs/ontwcush,207,263.19355105602665,weighted,1.1411385536193848,1.1534530071553546
ontwcush,Flow-GRPO-Fast,https://wandb.ai/vanzl3386-chinese-university-of-hong-kong-shenzhen/flow-grpo-algo/runs/ontwcush,208,263.48812994431114,weighted,1.1411385536193848,1.152430957301725
ontwcush,Flow-GRPO-Fast,https://wandb.ai/vanzl3386-chinese-university-of-hong-kong-shenzhen/flow-grpo-algo/runs/ontwcush,209,265.3897131823111,weighted,1.1674282550811768,1.153675672380275
ontwcush,Flow-GRPO-Fast,https://wandb.ai/vanzl3386-chinese-university-of-hong-kong-shenzhen/flow-grpo-algo/runs/ontwcush,210,265.68457947603554,weighted,1.1674282550811768,1.1548170811399432
ontwcush,Flow-GRPO-Fast,https://wandb.ai/vanzl3386-chinese-university-of-hong-kong-shenzhen/flow-grpo-algo/runs/ontwcush,211,267.59115405597333,weighted,1.1327193975448608,1.1529830627470088
ontwcush,Flow-GRPO-Fast,https://wandb.ai/vanzl3386-chinese-university-of-hong-kong-shenzhen/flow-grpo-algo/runs/ontwcush,212,267.8861819449511,weighted,1.1327193975448608,1.1513012604653763
ontwcush,Flow-GRPO-Fast,https://wandb.ai/vanzl3386-chinese-university-of-hong-kong-shenzhen/flow-grpo-algo/runs/ontwcush,213,269.78512969904,weighted,1.283421516418457,1.162266707520246
ontwcush,Flow-GRPO-Fast,https://wandb.ai/vanzl3386-chinese-university-of-hong-kong-shenzhen/flow-grpo-algo/runs/ontwcush,214,270.07990690274664,weighted,1.283421516418457,1.1723220668051082
ontwcush,Flow-GRPO-Fast,https://wandb.ai/vanzl3386-chinese-university-of-hong-kong-shenzhen/flow-grpo-algo/runs/ontwcush,215,271.9812421006133,weighted,1.2841970920562744,1.1816072415673302
ontwcush,Flow-GRPO-Fast,https://wandb.ai/vanzl3386-chinese-university-of-hong-kong-shenzhen/flow-grpo-algo/runs/ontwcush,216,272.2762322342489,weighted,1.2841970920562744,1.1901217843661498
ontwcush,Flow-GRPO-Fast,https://wandb.ai/vanzl3386-chinese-university-of-hong-kong-shenzhen/flow-grpo-algo/runs/ontwcush,217,274.1851971582489,weighted,1.1876941919326782,1.1899203040094248
ontwcush,Flow-GRPO-Fast,https://wandb.ai/vanzl3386-chinese-university-of-hong-kong-shenzhen/flow-grpo-algo/runs/ontwcush,218,274.47964266424,weighted,1.1876941919326782,1.1897355457076817
ontwcush,Flow-GRPO-Fast,https://wandb.ai/vanzl3386-chinese-university-of-hong-kong-shenzhen/flow-grpo-algo/runs/ontwcush,219,276.39250795802667,weighted,1.2313987016677856,1.1931934191997036
ontwcush,Flow-GRPO-Fast,https://wandb.ai/vanzl3386-chinese-university-of-hong-kong-shenzhen/flow-grpo-algo/runs/ontwcush,220,276.68858181250664,weighted,1.2313987016677856,1.196364303172778
ontwcush,Flow-GRPO-Fast,https://wandb.ai/vanzl3386-chinese-university-of-hong-kong-shenzhen/flow-grpo-algo/runs/ontwcush,221,278.6076624314844,weighted,1.2933483123779297,1.2044135838106065
ontwcush,Flow-GRPO-Fast,https://wandb.ai/vanzl3386-chinese-university-of-hong-kong-shenzhen/flow-grpo-algo/runs/ontwcush,222,278.90205204904,weighted,1.2933483123779297,1.2117948067003843
ontwcush,Flow-GRPO-Fast,https://wandb.ai/vanzl3386-chinese-university-of-hong-kong-shenzhen/flow-grpo-algo/runs/ontwcush,223,280.8023326676178,weighted,1.1212146282196045,1.2042770181206803
ontwcush,Flow-GRPO-Fast,https://wandb.ai/vanzl3386-chinese-university-of-hong-kong-shenzhen/flow-grpo-algo/runs/ontwcush,224,281.0971231316089,weighted,1.1212146282196045,1.197383175597134
ontwcush,Flow-GRPO-Fast,https://wandb.ai/vanzl3386-chinese-university-of-hong-kong-shenzhen/flow-grpo-algo/runs/ontwcush,225,282.99825009192,weighted,1.152266263961792,1.1936386543483084
ontwcush,Flow-GRPO-Fast,https://wandb.ai/vanzl3386-chinese-university-of-hong-kong-shenzhen/flow-grpo-algo/runs/ontwcush,226,283.2930981495022,weighted,1.152266263961792,1.1902049132232695
ontwcush,Flow-GRPO-Fast,https://wandb.ai/vanzl3386-chinese-university-of-hong-kong-shenzhen/flow-grpo-algo/runs/ontwcush,227,285.1948403649511,weighted,1.3976242542266846,1.2074198798877047
ontwcush,Flow-GRPO-Fast,https://wandb.ai/vanzl3386-chinese-university-of-hong-kong-shenzhen/flow-grpo-algo/runs/ontwcush,228,285.4900159114133,weighted,1.3976242542266846,1.2232060739226251
ontwcush,Flow-GRPO-Fast,https://wandb.ai/vanzl3386-chinese-university-of-hong-kong-shenzhen/flow-grpo-algo/runs/ontwcush,229,287.39442122100445,weighted,1.2837907075881958,1.2282343535607936
ontwcush,Flow-GRPO-Fast,https://wandb.ai/vanzl3386-chinese-university-of-hong-kong-shenzhen/flow-grpo-algo/runs/ontwcush,230,287.6890089166489,weighted,1.2837907075881958,1.2328453063193578
ontwcush,Flow-GRPO-Fast,https://wandb.ai/vanzl3386-chinese-university-of-hong-kong-shenzhen/flow-grpo-algo/runs/ontwcush,231,289.59272768315554,weighted,1.2134205102920532,1.2312331267875176
ontwcush,Flow-GRPO-Fast,https://wandb.ai/vanzl3386-chinese-university-of-hong-kong-shenzhen/flow-grpo-algo/runs/ontwcush,232,289.8877692581067,weighted,1.2134205102920532,1.2297547516384484
ontwcush,Flow-GRPO-Fast,https://wandb.ai/vanzl3386-chinese-university-of-hong-kong-shenzhen/flow-grpo-algo/runs/ontwcush,233,291.7858396904622,weighted,1.2337515354156494,1.2300864685321413
ontwcush,Flow-GRPO-Fast,https://wandb.ai/vanzl3386-chinese-university-of-hong-kong-shenzhen/flow-grpo-algo/runs/ontwcush,234,292.08043404565336,weighted,1.2337515354156494,1.230390654264857
ontwcush,Flow-GRPO-Fast,https://wandb.ai/vanzl3386-chinese-university-of-hong-kong-shenzhen/flow-grpo-algo/runs/ontwcush,235,293.97802868672,weighted,1.3673095703125,1.2417543707056105
ontwcush,Flow-GRPO-Fast,https://wandb.ai/vanzl3386-chinese-university-of-hong-kong-shenzhen/flow-grpo-algo/runs/ontwcush,236,294.2727469936533,weighted,1.3673095703125,1.2521749446276127
ontwcush,Flow-GRPO-Fast,https://wandb.ai/vanzl3386-chinese-university-of-hong-kong-shenzhen/flow-grpo-algo/runs/ontwcush,237,296.17549745358224,weighted,1.4491232633590698,1.2685208587799615
ontwcush,Flow-GRPO-Fast,https://wandb.ai/vanzl3386-chinese-university-of-hong-kong-shenzhen/flow-grpo-algo/runs/ontwcush,238,296.4700321026044,weighted,1.4491232633590698,1.2835101281475416
ontwcush,Flow-GRPO-Fast,https://wandb.ai/vanzl3386-chinese-university-of-hong-kong-shenzhen/flow-grpo-algo/runs/ontwcush,239,298.3792713140622,weighted,1.2173025608062744,1.278015167748962
ontwcush,Flow-GRPO-Fast,https://wandb.ai/vanzl3386-chinese-university-of-hong-kong-shenzhen/flow-grpo-algo/runs/ontwcush,240,298.67312221760886,weighted,1.2173025608062744,1.2729762668462148
ontwcush,Flow-GRPO-Fast,https://wandb.ai/vanzl3386-chinese-university-of-hong-kong-shenzhen/flow-grpo-algo/runs/ontwcush,241,300.59065154223117,weighted,1.1720573902130127,1.2646004081213325
ontwcush,Flow-GRPO-Fast,https://wandb.ai/vanzl3386-chinese-university-of-hong-kong-shenzhen/flow-grpo-algo/runs/ontwcush,242,300.8849684840267,weighted,1.1720573902130127,1.2569197118053042
ontwcush,Flow-GRPO-Fast,https://wandb.ai/vanzl3386-chinese-university-of-hong-kong-shenzhen/flow-grpo-algo/runs/ontwcush,243,302.7872858236622,weighted,1.3721673488616943,1.2664847997112
ontwcush,Flow-GRPO-Fast,https://wandb.ai/vanzl3386-chinese-university-of-hong-kong-shenzhen/flow-grpo-algo/runs/ontwcush,244,303.08213318400885,weighted,1.3721673488616943,1.2752560239945148
ontwcush,Flow-GRPO-Fast,https://wandb.ai/vanzl3386-chinese-university-of-hong-kong-shenzhen/flow-grpo-algo/runs/ontwcush,245,304.9891211710578,weighted,1.3212361335754395,1.2790721871827377
ontwcush,Flow-GRPO-Fast,https://wandb.ai/vanzl3386-chinese-university-of-hong-kong-shenzhen/flow-grpo-algo/runs/ontwcush,246,305.28370560685335,weighted,1.3212361335754395,1.2825716242558671
ontwcush,Flow-GRPO-Fast,https://wandb.ai/vanzl3386-chinese-university-of-hong-kong-shenzhen/flow-grpo-algo/runs/ontwcush,247,307.1856919312178,weighted,1.3518664836883545,1.2883228174154642
ontwcush,Flow-GRPO-Fast,https://wandb.ai/vanzl3386-chinese-university-of-hong-kong-shenzhen/flow-grpo-algo/runs/ontwcush,248,307.4796655638933,weighted,1.3518664836883545,1.2935966847960658
ontwcush,Flow-GRPO-Fast,https://wandb.ai/vanzl3386-chinese-university-of-hong-kong-shenzhen/flow-grpo-algo/runs/ontwcush,249,309.38417705104,weighted,1.4246271848678589,1.3044716865188948
ontwcush,Flow-GRPO-Fast,https://wandb.ai/vanzl3386-chinese-university-of-hong-kong-shenzhen/flow-grpo-algo/runs/ontwcush,250,309.67870687951114,weighted,1.4246271848678589,1.3144441070685866
ontwcush,Flow-GRPO-Fast,https://wandb.ai/vanzl3386-chinese-university-of-hong-kong-shenzhen/flow-grpo-algo/runs/ontwcush,251,311.58927734112,weighted,1.358465552330017,1.318097709037572
ontwcush,Flow-GRPO-Fast,https://wandb.ai/vanzl3386-chinese-university-of-hong-kong-shenzhen/flow-grpo-algo/runs/ontwcush,252,311.88426610466666,weighted,1.358465552330017,1.3214480768153924
ontwcush,Flow-GRPO-Fast,https://wandb.ai/vanzl3386-chinese-university-of-hong-kong-shenzhen/flow-grpo-algo/runs/ontwcush,253,313.79388988448005,weighted,1.3780426979064941,1.3261452015423176
ontwcush,Flow-GRPO-Fast,https://wandb.ai/vanzl3386-chinese-university-of-hong-kong-shenzhen/flow-grpo-algo/runs/ontwcush,254,314.08858304512,weighted,1.3780426979064941,1.3304524839083447
ontwcush,Flow-GRPO-Fast,https://wandb.ai/vanzl3386-chinese-university-of-hong-kong-shenzhen/flow-grpo-algo/runs/ontwcush,255,316.0001599071289,weighted,1.2121758460998535,1.3206360011868945
ontwcush,Flow-GRPO-Fast,https://wandb.ai/vanzl3386-chinese-university-of-hong-kong-shenzhen/flow-grpo-algo/runs/ontwcush,256,316.29431030323553,weighted,1.2121758460998535,1.3116342468412758
ontwcush,Flow-GRPO-Fast,https://wandb.ai/vanzl3386-chinese-university-of-hong-kong-shenzhen/flow-grpo-algo/runs/ontwcush,257,318.1990627096889,weighted,1.3125882148742676,1.3117134223309261
ontwcush,Flow-GRPO-Fast,https://wandb.ai/vanzl3386-chinese-university-of-hong-kong-shenzhen/flow-grpo-algo/runs/ontwcush,258,318.4949210998489,weighted,1.3125882148742676,1.3117860265750583
ontwcush,Flow-GRPO-Fast,https://wandb.ai/vanzl3386-chinese-university-of-hong-kong-shenzhen/flow-grpo-algo/runs/ontwcush,259,320.3987597134933,weighted,1.3690117597579956,1.3165355310538902
ontwcush,Flow-GRPO-Fast,https://wandb.ai/vanzl3386-chinese-university-of-hong-kong-shenzhen/flow-grpo-algo/runs/ontwcush,260,320.69307040003554,weighted,1.3690117597579956,1.320890845864198
ontwcush,Flow-GRPO-Fast,https://wandb.ai/vanzl3386-chinese-university-of-hong-kong-shenzhen/flow-grpo-algo/runs/ontwcush,261,322.6180627810133,weighted,1.3610267639160156,1.3242219647847675
ontwcush,Flow-GRPO-Fast,https://wandb.ai/vanzl3386-chinese-university-of-hong-kong-shenzhen/flow-grpo-algo/runs/ontwcush,262,322.91264769904,weighted,1.3610267639160156,1.3272766143033252
ontwcush,Flow-GRPO-Fast,https://wandb.ai/vanzl3386-chinese-university-of-hong-kong-shenzhen/flow-grpo-algo/runs/ontwcush,263,324.81669789340447,weighted,1.4535081386566162,1.3377533204447596
ontwcush,Flow-GRPO-Fast,https://wandb.ai/vanzl3386-chinese-university-of-hong-kong-shenzhen/flow-grpo-algo/runs/ontwcush,264,325.11146894863106,weighted,1.4535081386566162,1.347360502335922
ontwcush,Flow-GRPO-Fast,https://wandb.ai/vanzl3386-chinese-university-of-hong-kong-shenzhen/flow-grpo-algo/runs/ontwcush,265,327.0101961268978,weighted,1.5359501838684082,1.363012683396437
ontwcush,Flow-GRPO-Fast,https://wandb.ai/vanzl3386-chinese-university-of-hong-kong-shenzhen/flow-grpo-algo/runs/ontwcush,266,327.3047298282755,weighted,1.5359501838684082,1.377365796713901
ontwcush,Flow-GRPO-Fast,https://wandb.ai/vanzl3386-chinese-university-of-hong-kong-shenzhen/flow-grpo-algo/runs/ontwcush,267,329.20528899805333,weighted,1.4548671245574951,1.3837980935711887
ontwcush,Flow-GRPO-Fast,https://wandb.ai/vanzl3386-chinese-university-of-hong-kong-shenzhen/flow-grpo-algo/runs/ontwcush,268,329.49944644307556,weighted,1.4548671245574951,1.3896965357964142
ontwcush,Flow-GRPO-Fast,https://wandb.ai/vanzl3386-chinese-university-of-hong-kong-shenzhen/flow-grpo-algo/runs/ontwcush,269,331.40687562136,weighted,1.4604249000549316,1.3955667040606183
ontwcush,Flow-GRPO-Fast,https://wandb.ai/vanzl3386-chinese-university-of-hong-kong-shenzhen/flow-grpo-algo/runs/ontwcush,270,331.7016979112089,weighted,1.4604249000549316,1.4009496720931853
ontwcush,Flow-GRPO-Fast,https://wandb.ai/vanzl3386-chinese-university-of-hong-kong-shenzhen/flow-grpo-algo/runs/ontwcush,271,333.61435684212444,weighted,1.5406373739242554,1.4125431865591955
ontwcush,Flow-GRPO-Fast,https://wandb.ai/vanzl3386-chinese-university-of-hong-kong-shenzhen/flow-grpo-algo/runs/ontwcush,272,333.9088003319467,weighted,1.5406373739242554,1.4231744861994788
ontwcush,Flow-GRPO-Fast,https://wandb.ai/vanzl3386-chinese-university-of-hong-kong-shenzhen/flow-grpo-algo/runs/ontwcush,273,335.8081415596889,weighted,1.4772039651870728,1.4276587145032074
ontwcush,Flow-GRPO-Fast,https://wandb.ai/vanzl3386-chinese-university-of-hong-kong-shenzhen/flow-grpo-algo/runs/ontwcush,274,336.1025952528444,weighted,1.4772039651870728,1.4317707699883793
ontwcush,Flow-GRPO-Fast,https://wandb.ai/vanzl3386-chinese-university-of-hong-kong-shenzhen/flow-grpo-algo/runs/ontwcush,275,338.0094439620889,weighted,1.5530511140823364,1.4418365481869237
ontwcush,Flow-GRPO-Fast,https://wandb.ai/vanzl3386-chinese-university-of-hong-kong-shenzhen/flow-grpo-algo/runs/ontwcush,276,338.30376098096,weighted,1.5530511140823364,1.4510669074929905
ontwcush,Flow-GRPO-Fast,https://wandb.ai/vanzl3386-chinese-university-of-hong-kong-shenzhen/flow-grpo-algo/runs/ontwcush,277,340.21114907312887,weighted,1.6380287408828735,1.4665839837393928
ontwcush,Flow-GRPO-Fast,https://wandb.ai/vanzl3386-chinese-university-of-hong-kong-shenzhen/flow-grpo-algo/runs/ontwcush,278,340.5056247026755,weighted,1.6380287408828735,1.4808132053960588
ontwcush,Flow-GRPO-Fast,https://wandb.ai/vanzl3386-chinese-university-of-hong-kong-shenzhen/flow-grpo-algo/runs/ontwcush,279,342.4070003648178,weighted,1.478975534439087,1.48066068613671
ontwcush,Flow-GRPO-Fast,https://wandb.ai/vanzl3386-chinese-university-of-hong-kong-shenzhen/flow-grpo-algo/runs/ontwcush,280,342.70204776607994,weighted,1.478975534439087,1.4805208253592206
ontwcush,Flow-GRPO-Fast,https://wandb.ai/vanzl3386-chinese-university-of-hong-kong-shenzhen/flow-grpo-algo/runs/ontwcush,281,344.6228572504178,weighted,1.5561676025390625,1.4867992020097445
ontwcush,Flow-GRPO-Fast,https://wandb.ai/vanzl3386-chinese-university-of-hong-kong-shenzhen/flow-grpo-algo/runs/ontwcush,282,344.91821386100446,weighted,1.5561676025390625,1.4925564987830366
ontwcush,Flow-GRPO-Fast,https://wandb.ai/vanzl3386-chinese-university-of-hong-kong-shenzhen/flow-grpo-algo/runs/ontwcush,283,346.8328430077067,weighted,1.5647329092025757,1.4985468490238585
ontwcush,Flow-GRPO-Fast,https://wandb.ai/vanzl3386-chinese-university-of-hong-kong-shenzhen/flow-grpo-algo/runs/ontwcush,284,347.12742166997333,weighted,1.5647329092025757,1.5040400244149041
ontwcush,Flow-GRPO-Fast,https://wandb.ai/vanzl3386-chinese-university-of-hong-kong-shenzhen/flow-grpo-algo/runs/ontwcush,285,349.0339068955111,weighted,1.591934323310852,1.511334895848628
ontwcush,Flow-GRPO-Fast,https://wandb.ai/vanzl3386-chinese-university-of-hong-kong-shenzhen/flow-grpo-algo/runs/ontwcush,286,349.3286031996622,weighted,1.591934323310852,1.5180243224480108
ontwcush,Flow-GRPO-Fast,https://wandb.ai/vanzl3386-chinese-university-of-hong-kong-shenzhen/flow-grpo-algo/runs/ontwcush,287,351.23704186058666,weighted,1.3893733024597168,1.5073468079513872
ontwcush,Flow-GRPO-Fast,https://wandb.ai/vanzl3386-chinese-university-of-hong-kong-shenzhen/flow-grpo-algo/runs/ontwcush,288,351.5317807026755,weighted,1.3893733024597168,1.497555483986607
ontwcush,Flow-GRPO-Fast,https://wandb.ai/vanzl3386-chinese-university-of-hong-kong-shenzhen/flow-grpo-algo/runs/ontwcush,289,353.44690399718223,weighted,1.7441924810409546,1.5180253575382594
ontwcush,Flow-GRPO-Fast,https://wandb.ai/vanzl3386-chinese-university-of-hong-kong-shenzhen/flow-grpo-algo/runs/ontwcush,290,353.7413348079378,weighted,1.7441924810409546,1.5367963143490129
ontwcush,Flow-GRPO-Fast,https://wandb.ai/vanzl3386-chinese-university-of-hong-kong-shenzhen/flow-grpo-algo/runs/ontwcush,291,355.6614939063378,weighted,1.6119199991226196,1.543031276444789
ontwcush,Flow-GRPO-Fast,https://wandb.ai/vanzl3386-chinese-university-of-hong-kong-shenzhen/flow-grpo-algo/runs/ontwcush,292,355.9559962592533,weighted,1.6119199991226196,1.5487487618958438
ontwcush,Flow-GRPO-Fast,https://wandb.ai/vanzl3386-chinese-university-of-hong-kong-shenzhen/flow-grpo-algo/runs/ontwcush,293,357.86330109616,weighted,1.4522778987884521,1.5407420703093746
ontwcush,Flow-GRPO-Fast,https://wandb.ai/vanzl3386-chinese-university-of-hong-kong-shenzhen/flow-grpo-algo/runs/ontwcush,294,358.1580555085244,weighted,1.4522778987884521,1.5333999017518896
ontwcush,Flow-GRPO-Fast,https://wandb.ai/vanzl3386-chinese-university-of-hong-kong-shenzhen/flow-grpo-algo/runs/ontwcush,295,360.06150072608,weighted,1.6532942056655884,1.5433506442195168
ontwcush,Flow-GRPO-Fast,https://wandb.ai/vanzl3386-chinese-university-of-hong-kong-shenzhen/flow-grpo-algo/runs/ontwcush,296,360.35593799192,weighted,1.6532942056655884,1.5524755152952194
ontwcush,Flow-GRPO-Fast,https://wandb.ai/vanzl3386-chinese-university-of-hong-kong-shenzhen/flow-grpo-algo/runs/ontwcush,297,362.26745471680886,weighted,1.5364452600479126,1.5511450689232957
ontwcush,Flow-GRPO-Fast,https://wandb.ai/vanzl3386-chinese-university-of-hong-kong-shenzhen/flow-grpo-algo/runs/ontwcush,298,362.5623227239111,weighted,1.5364452600479126,1.5499250442209747
ontwcush,Flow-GRPO-Fast,https://wandb.ai/vanzl3386-chinese-university-of-hong-kong-shenzhen/flow-grpo-algo/runs/ontwcush,299,364.4660873353955,weighted,1.6529192924499512,1.5584731503971543
ontwcush,Flow-GRPO-Fast,https://wandb.ai/vanzl3386-chinese-university-of-hong-kong-shenzhen/flow-grpo-algo/runs/ontwcush,300,364.76119280365333,weighted,1.6529192924499512,1.5663117983224537
